epoch,stock,avg_loss,model_name,arch,n_qlayers,lr,lookback,batch_size,n_epoch,seed
1,NVDA,0.001746795836052942,QLSTM,1,2,0.0009999999999999992,10,16,50,5
1,DIS,0.0038762082007120957,QLSTM,1,2,0.0009999999999999992,10,16,50,5
1,KO,0.010514950146898627,QLSTM,1,2,0.0009999999999999992,10,16,50,5
1,MO,0.00691380124242807,QLSTM,1,2,0.0009999999999999992,10,16,50,5
1,BABA,0.011998933274298906,QLSTM,1,2,0.0009999999999999992,10,16,50,5
1,MA,0.008988736747679386,QLSTM,1,2,0.0009999999999999992,10,16,50,5
1,V,0.009163044636476447,QLSTM,1,2,0.0009999999999999992,10,16,50,5
1,JPM,0.005187848297117109,QLSTM,1,2,0.0009999999999999992,10,16,50,5
1,PG,0.009134793156673286,QLSTM,1,2,0.0009999999999999992,10,16,50,5
1,TSM,0.0032791339326649904,QLSTM,1,2,0.0009999999999999992,10,16,50,5
1,META,0.003662744760566222,QLSTM,1,2,0.0009999999999999992,10,16,50,5
1,TSLA,0.007113587682728063,QLSTM,1,2,0.0009999999999999992,10,16,50,5
1,MSFT,0.0046137119537558065,QLSTM,1,2,0.0009999999999999992,10,16,50,5
1,AAPL,0.00789190686985173,QLSTM,1,2,0.0009999999999999992,10,16,50,5
1,ABBV,0.008016996223225513,QLSTM,1,2,0.0009999999999999992,10,16,50,5
1,PEP,0.008618541929701512,QLSTM,1,2,0.0009999999999999992,10,16,50,5
1,CRM,0.005361544084735215,QLSTM,1,2,0.0009999999999999992,10,16,50,5
1,PFE,0.002811445013238964,QLSTM,1,2,0.0009999999999999992,10,16,50,5
1,NFLX,0.004006372627124868,QLSTM,1,2,0.0009999999999999992,10,16,50,5
1,AMD,0.005156849495092915,QLSTM,1,2,0.0009999999999999992,10,16,50,5
1,ABT,0.005060312285257334,QLSTM,1,2,0.0009999999999999992,10,16,50,5
1,PM,0.010029341009530153,QLSTM,1,2,0.0009999999999999992,10,16,50,5
1,BA,0.005321868335489522,QLSTM,1,2,0.0009999999999999992,10,16,50,5
1,NKE,0.004045565099328418,QLSTM,1,2,0.0009999999999999992,10,16,50,5
1,GS,0.009076252368024805,QLSTM,1,2,0.0009999999999999992,10,16,50,5
1,T,0.0038038678586334836,QLSTM,1,2,0.0009999999999999992,10,16,50,5
1,C,0.005105149424211545,QLSTM,1,2,0.0009999999999999992,10,16,50,5
1,MU,0.006950482196936553,QLSTM,1,2,0.0009999999999999992,10,16,50,5
2,NVDA,0.0017645608829546043,QLSTM,1,2,0.0009999999999999992,10,16,50,5
2,DIS,0.0038546161218123,QLSTM,1,2,0.0009999999999999992,10,16,50,5
2,KO,0.010557254670526494,QLSTM,1,2,0.0009999999999999992,10,16,50,5
2,MO,0.006943895555609329,QLSTM,1,2,0.0009999999999999992,10,16,50,5
2,BABA,0.01200761612166058,QLSTM,1,2,0.0009999999999999992,10,16,50,5
2,MA,0.008913699008355086,QLSTM,1,2,0.0009999999999999992,10,16,50,5
2,V,0.009179932001808827,QLSTM,1,2,0.0009999999999999992,10,16,50,5
2,JPM,0.0053324823013760824,QLSTM,1,2,0.0009999999999999992,10,16,50,5
2,PG,0.00939006958453154,QLSTM,1,2,0.0009999999999999992,10,16,50,5
2,TSM,0.003235303955575959,QLSTM,1,2,0.0009999999999999992,10,16,50,5
2,META,0.003631622638997876,QLSTM,1,2,0.0009999999999999992,10,16,50,5
2,TSLA,0.007031408546026796,QLSTM,1,2,0.0009999999999999992,10,16,50,5
2,MSFT,0.004599852154073728,QLSTM,1,2,0.0009999999999999992,10,16,50,5
2,AAPL,0.007939593369056556,QLSTM,1,2,0.0009999999999999992,10,16,50,5
2,ABBV,0.008171478942544623,QLSTM,1,2,0.0009999999999999992,10,16,50,5
2,PEP,0.008519770260053601,QLSTM,1,2,0.0009999999999999992,10,16,50,5
2,CRM,0.0053606724620542745,QLSTM,1,2,0.0009999999999999992,10,16,50,5
2,PFE,0.002807013050187379,QLSTM,1,2,0.0009999999999999992,10,16,50,5
2,NFLX,0.003737842875786803,QLSTM,1,2,0.0009999999999999992,10,16,50,5
2,AMD,0.005133665865287185,QLSTM,1,2,0.0009999999999999992,10,16,50,5
2,ABT,0.0050732889900576665,QLSTM,1,2,0.0009999999999999992,10,16,50,5
2,PM,0.010070616665126925,QLSTM,1,2,0.0009999999999999992,10,16,50,5
2,BA,0.0053761493340557945,QLSTM,1,2,0.0009999999999999992,10,16,50,5
2,NKE,0.004061408108100295,QLSTM,1,2,0.0009999999999999992,10,16,50,5
2,GS,0.009273676423948597,QLSTM,1,2,0.0009999999999999992,10,16,50,5
2,T,0.003846026028358293,QLSTM,1,2,0.0009999999999999992,10,16,50,5
2,C,0.005032612984492021,QLSTM,1,2,0.0009999999999999992,10,16,50,5
2,MU,0.006959552876651287,QLSTM,1,2,0.0009999999999999992,10,16,50,5
3,NVDA,0.0017897149002899162,QLSTM,1,2,0.0009999999999999992,10,16,50,5
3,DIS,0.003890134325377982,QLSTM,1,2,0.0009999999999999992,10,16,50,5
3,KO,0.010569647102701392,QLSTM,1,2,0.0009999999999999992,10,16,50,5
3,MO,0.0071439478302967145,QLSTM,1,2,0.0009999999999999992,10,16,50,5
3,BABA,0.012056760130111466,QLSTM,1,2,0.0009999999999999992,10,16,50,5
3,MA,0.008944557164795697,QLSTM,1,2,0.0009999999999999992,10,16,50,5
3,V,0.009042106801643968,QLSTM,1,2,0.0009999999999999992,10,16,50,5
3,JPM,0.00524438023884696,QLSTM,1,2,0.0009999999999999992,10,16,50,5
3,PG,0.009192623282698069,QLSTM,1,2,0.0009999999999999992,10,16,50,5
3,TSM,0.0033009138582697647,QLSTM,1,2,0.0009999999999999992,10,16,50,5
3,META,0.0036587186200036244,QLSTM,1,2,0.0009999999999999992,10,16,50,5
3,TSLA,0.007055332460864024,QLSTM,1,2,0.0009999999999999992,10,16,50,5
3,MSFT,0.004584080116315322,QLSTM,1,2,0.0009999999999999992,10,16,50,5
3,AAPL,0.007865698648278008,QLSTM,1,2,0.0009999999999999992,10,16,50,5
3,ABBV,0.008138306692919949,QLSTM,1,2,0.0009999999999999992,10,16,50,5
3,PEP,0.008512738933363422,QLSTM,1,2,0.0009999999999999992,10,16,50,5
3,CRM,0.005335490536791357,QLSTM,1,2,0.0009999999999999992,10,16,50,5
3,PFE,0.002779240619433536,QLSTM,1,2,0.0009999999999999992,10,16,50,5
3,NFLX,0.003729117169066078,QLSTM,1,2,0.0009999999999999992,10,16,50,5
3,AMD,0.005146238772960549,QLSTM,1,2,0.0009999999999999992,10,16,50,5
3,ABT,0.005092234059702605,QLSTM,1,2,0.0009999999999999992,10,16,50,5
3,PM,0.009995099337009544,QLSTM,1,2,0.0009999999999999992,10,16,50,5
3,BA,0.005416985537687486,QLSTM,1,2,0.0009999999999999992,10,16,50,5
3,NKE,0.004049230382820083,QLSTM,1,2,0.0009999999999999992,10,16,50,5
3,GS,0.009092028829565441,QLSTM,1,2,0.0009999999999999992,10,16,50,5
3,T,0.0038773540026423607,QLSTM,1,2,0.0009999999999999992,10,16,50,5
3,C,0.005039648502133787,QLSTM,1,2,0.0009999999999999992,10,16,50,5
3,MU,0.007023522640917112,QLSTM,1,2,0.0009999999999999992,10,16,50,5
4,NVDA,0.0017603603773750365,QLSTM,1,2,0.0009999999999999992,10,16,50,5
4,DIS,0.003833631715017625,QLSTM,1,2,0.0009999999999999992,10,16,50,5
4,KO,0.010739014589820396,QLSTM,1,2,0.0009999999999999992,10,16,50,5
4,MO,0.006843225585974075,QLSTM,1,2,0.0009999999999999992,10,16,50,5
4,BABA,0.01192699273286218,QLSTM,1,2,0.0009999999999999992,10,16,50,5
4,MA,0.00895089633889835,QLSTM,1,2,0.0009999999999999992,10,16,50,5
4,V,0.009093997629613361,QLSTM,1,2,0.0009999999999999992,10,16,50,5
4,JPM,0.00527194213249128,QLSTM,1,2,0.0009999999999999992,10,16,50,5
4,PG,0.009338424329391935,QLSTM,1,2,0.0009999999999999992,10,16,50,5
4,TSM,0.0033227454881522467,QLSTM,1,2,0.0009999999999999992,10,16,50,5
4,META,0.0036259952308186753,QLSTM,1,2,0.0009999999999999992,10,16,50,5
4,TSLA,0.007041249847547574,QLSTM,1,2,0.0009999999999999992,10,16,50,5
4,MSFT,0.004637356540611522,QLSTM,1,2,0.0009999999999999992,10,16,50,5
4,AAPL,0.007883215481838719,QLSTM,1,2,0.0009999999999999992,10,16,50,5
4,ABBV,0.00812579369680448,QLSTM,1,2,0.0009999999999999992,10,16,50,5
4,PEP,0.008595953631976789,QLSTM,1,2,0.0009999999999999992,10,16,50,5
4,CRM,0.005485894528894939,QLSTM,1,2,0.0009999999999999992,10,16,50,5
4,PFE,0.0027983858705159614,QLSTM,1,2,0.0009999999999999992,10,16,50,5
4,NFLX,0.0037160948003557596,QLSTM,1,2,0.0009999999999999992,10,16,50,5
4,AMD,0.005208216173658994,QLSTM,1,2,0.0009999999999999992,10,16,50,5
4,ABT,0.005078161907890303,QLSTM,1,2,0.0009999999999999992,10,16,50,5
4,PM,0.009978893435221504,QLSTM,1,2,0.0009999999999999992,10,16,50,5
4,BA,0.005373783367262645,QLSTM,1,2,0.0009999999999999992,10,16,50,5
4,NKE,0.00403912567046725,QLSTM,1,2,0.0009999999999999992,10,16,50,5
4,GS,0.00905676909976385,QLSTM,1,2,0.0009999999999999992,10,16,50,5
4,T,0.0038109377121806824,QLSTM,1,2,0.0009999999999999992,10,16,50,5
4,C,0.005055297377773307,QLSTM,1,2,0.0009999999999999992,10,16,50,5
4,MU,0.007006564685566859,QLSTM,1,2,0.0009999999999999992,10,16,50,5
5,NVDA,0.0017575062123465943,QLSTM,1,2,0.0009999999999999992,10,16,50,5
5,DIS,0.003865786806934259,QLSTM,1,2,0.0009999999999999992,10,16,50,5
5,KO,0.010567182791419327,QLSTM,1,2,0.0009999999999999992,10,16,50,5
5,MO,0.006840033821803941,QLSTM,1,2,0.0009999999999999992,10,16,50,5
5,BABA,0.011988468531688506,QLSTM,1,2,0.0009999999999999992,10,16,50,5
5,MA,0.008979044833474538,QLSTM,1,2,0.0009999999999999992,10,16,50,5
5,V,0.009160870114680041,QLSTM,1,2,0.0009999999999999992,10,16,50,5
5,JPM,0.005357104448855601,QLSTM,1,2,0.0009999999999999992,10,16,50,5
5,PG,0.009038487660952589,QLSTM,1,2,0.0009999999999999992,10,16,50,5
5,TSM,0.003254630301274698,QLSTM,1,2,0.0009999999999999992,10,16,50,5
5,META,0.0036609688117592173,QLSTM,1,2,0.0009999999999999992,10,16,50,5
5,TSLA,0.007057039945555682,QLSTM,1,2,0.0009999999999999992,10,16,50,5
5,MSFT,0.004621742473153228,QLSTM,1,2,0.0009999999999999992,10,16,50,5
5,AAPL,0.007870323437435383,QLSTM,1,2,0.0009999999999999992,10,16,50,5
5,ABBV,0.008068158227781003,QLSTM,1,2,0.0009999999999999992,10,16,50,5
5,PEP,0.008542581323788247,QLSTM,1,2,0.0009999999999999992,10,16,50,5
5,CRM,0.005354017839470709,QLSTM,1,2,0.0009999999999999992,10,16,50,5
5,PFE,0.0027634953095746987,QLSTM,1,2,0.0009999999999999992,10,16,50,5
5,NFLX,0.003774397670481862,QLSTM,1,2,0.0009999999999999992,10,16,50,5
5,AMD,0.005204585402018644,QLSTM,1,2,0.0009999999999999992,10,16,50,5
5,ABT,0.005052165456370197,QLSTM,1,2,0.0009999999999999992,10,16,50,5
5,PM,0.010021880131468854,QLSTM,1,2,0.0009999999999999992,10,16,50,5
5,BA,0.005349778337404132,QLSTM,1,2,0.0009999999999999992,10,16,50,5
5,NKE,0.004106296723793176,QLSTM,1,2,0.0009999999999999992,10,16,50,5
5,GS,0.009107936829836532,QLSTM,1,2,0.0009999999999999992,10,16,50,5
5,T,0.0038289876326664603,QLSTM,1,2,0.0009999999999999992,10,16,50,5
5,C,0.004999768433415077,QLSTM,1,2,0.0009999999999999992,10,16,50,5
5,MU,0.00698269671887498,QLSTM,1,2,0.0009999999999999992,10,16,50,5
6,NVDA,0.0017450524755986407,QLSTM,1,2,0.0009999999999999992,10,16,50,5
6,DIS,0.003862131953197108,QLSTM,1,2,0.0009999999999999992,10,16,50,5
6,KO,0.010530386405827647,QLSTM,1,2,0.0009999999999999992,10,16,50,5
6,MO,0.007281083005099473,QLSTM,1,2,0.0009999999999999992,10,16,50,5
6,BABA,0.012673394733362577,QLSTM,1,2,0.0009999999999999992,10,16,50,5
6,MA,0.00888107024366036,QLSTM,1,2,0.0009999999999999992,10,16,50,5
6,V,0.00916748398660936,QLSTM,1,2,0.0009999999999999992,10,16,50,5
6,JPM,0.005252655891870911,QLSTM,1,2,0.0009999999999999992,10,16,50,5
6,PG,0.009100277093239129,QLSTM,1,2,0.0009999999999999992,10,16,50,5
6,TSM,0.0032906471063721588,QLSTM,1,2,0.0009999999999999992,10,16,50,5
6,META,0.003664683508263393,QLSTM,1,2,0.0009999999999999992,10,16,50,5
6,TSLA,0.0070518511029976335,QLSTM,1,2,0.0009999999999999992,10,16,50,5
6,MSFT,0.004648271180816333,QLSTM,1,2,0.0009999999999999992,10,16,50,5
6,AAPL,0.00788697137878361,QLSTM,1,2,0.0009999999999999992,10,16,50,5
6,ABBV,0.008051691904918036,QLSTM,1,2,0.0009999999999999992,10,16,50,5
6,PEP,0.008509211961857298,QLSTM,1,2,0.0009999999999999992,10,16,50,5
6,CRM,0.005450531321747059,QLSTM,1,2,0.0009999999999999992,10,16,50,5
6,PFE,0.0027549233160574327,QLSTM,1,2,0.0009999999999999992,10,16,50,5
6,NFLX,0.0037387305161577056,QLSTM,1,2,0.0009999999999999992,10,16,50,5
6,AMD,0.005203971882689406,QLSTM,1,2,0.0009999999999999992,10,16,50,5
6,ABT,0.005079462378158827,QLSTM,1,2,0.0009999999999999992,10,16,50,5
6,PM,0.010038354370573705,QLSTM,1,2,0.0009999999999999992,10,16,50,5
6,BA,0.0053131525690498,QLSTM,1,2,0.0009999999999999992,10,16,50,5
6,NKE,0.004089253436012024,QLSTM,1,2,0.0009999999999999992,10,16,50,5
6,GS,0.009054285188374872,QLSTM,1,2,0.0009999999999999992,10,16,50,5
6,T,0.0038012067406353626,QLSTM,1,2,0.0009999999999999992,10,16,50,5
6,C,0.004981656347147443,QLSTM,1,2,0.0009999999999999992,10,16,50,5
6,MU,0.007002868647263808,QLSTM,1,2,0.0009999999999999992,10,16,50,5
7,NVDA,0.0017764818648257378,QLSTM,1,2,0.0009999999999999992,10,16,50,5
7,DIS,0.0038564519861459053,QLSTM,1,2,0.0009999999999999992,10,16,50,5
7,KO,0.010801745515147393,QLSTM,1,2,0.0009999999999999992,10,16,50,5
7,MO,0.006868381693493575,QLSTM,1,2,0.0009999999999999992,10,16,50,5
7,BABA,0.012020475315776739,QLSTM,1,2,0.0009999999999999992,10,16,50,5
7,MA,0.008952095691876655,QLSTM,1,2,0.0009999999999999992,10,16,50,5
7,V,0.009175453218631446,QLSTM,1,2,0.0009999999999999992,10,16,50,5
7,JPM,0.0052572575990449295,QLSTM,1,2,0.0009999999999999992,10,16,50,5
7,PG,0.00904895526102998,QLSTM,1,2,0.0009999999999999992,10,16,50,5
7,TSM,0.003268024545501579,QLSTM,1,2,0.0009999999999999992,10,16,50,5
7,META,0.0036506717971695416,QLSTM,1,2,0.0009999999999999992,10,16,50,5
7,TSLA,0.007052022228229113,QLSTM,1,2,0.0009999999999999992,10,16,50,5
7,MSFT,0.004621402349915694,QLSTM,1,2,0.0009999999999999992,10,16,50,5
7,AAPL,0.007917127048131078,QLSTM,1,2,0.0009999999999999992,10,16,50,5
7,ABBV,0.00803173797480254,QLSTM,1,2,0.0009999999999999992,10,16,50,5
7,PEP,0.008522674208506942,QLSTM,1,2,0.0009999999999999992,10,16,50,5
7,CRM,0.005335817637387663,QLSTM,1,2,0.0009999999999999992,10,16,50,5
7,PFE,0.002767805518074469,QLSTM,1,2,0.0009999999999999992,10,16,50,5
7,NFLX,0.0037379622861573644,QLSTM,1,2,0.0009999999999999992,10,16,50,5
7,AMD,0.005225611840036105,QLSTM,1,2,0.0009999999999999992,10,16,50,5
7,ABT,0.005061451123434712,QLSTM,1,2,0.0009999999999999992,10,16,50,5
7,PM,0.010119708265516569,QLSTM,1,2,0.0009999999999999992,10,16,50,5
7,BA,0.005316115095576441,QLSTM,1,2,0.0009999999999999992,10,16,50,5
7,NKE,0.00404812637928196,QLSTM,1,2,0.0009999999999999992,10,16,50,5
7,GS,0.009057405595244332,QLSTM,1,2,0.0009999999999999992,10,16,50,5
7,T,0.0038465591152833604,QLSTM,1,2,0.0009999999999999992,10,16,50,5
7,C,0.005024219471537931,QLSTM,1,2,0.0009999999999999992,10,16,50,5
7,MU,0.007002407483841208,QLSTM,1,2,0.0009999999999999992,10,16,50,5
8,NVDA,0.001772873930431987,QLSTM,1,2,0.0009999999999999992,10,16,50,5
8,DIS,0.003855054467831823,QLSTM,1,2,0.0009999999999999992,10,16,50,5
8,KO,0.010694170476530086,QLSTM,1,2,0.0009999999999999992,10,16,50,5
8,MO,0.006877978882667693,QLSTM,1,2,0.0009999999999999992,10,16,50,5
8,BABA,0.012020760819061914,QLSTM,1,2,0.0009999999999999992,10,16,50,5
8,MA,0.00893376260699535,QLSTM,1,2,0.0009999999999999992,10,16,50,5
8,V,0.009060768410563469,QLSTM,1,2,0.0009999999999999992,10,16,50,5
8,JPM,0.00523400123082948,QLSTM,1,2,0.0009999999999999992,10,16,50,5
8,PG,0.009067446850663559,QLSTM,1,2,0.0009999999999999992,10,16,50,5
8,TSM,0.00324590284303254,QLSTM,1,2,0.0009999999999999992,10,16,50,5
8,META,0.0036405867934015327,QLSTM,1,2,0.0009999999999999992,10,16,50,5
8,TSLA,0.007061668158381839,QLSTM,1,2,0.0009999999999999992,10,16,50,5
8,MSFT,0.00459142035106197,QLSTM,1,2,0.0009999999999999992,10,16,50,5
8,AAPL,0.007947328754446724,QLSTM,1,2,0.0009999999999999992,10,16,50,5
8,ABBV,0.008075056893920357,QLSTM,1,2,0.0009999999999999992,10,16,50,5
8,PEP,0.008520095312798565,QLSTM,1,2,0.0009999999999999992,10,16,50,5
8,CRM,0.005455256323330104,QLSTM,1,2,0.0009999999999999992,10,16,50,5
8,PFE,0.0027685797540470958,QLSTM,1,2,0.0009999999999999992,10,16,50,5
8,NFLX,0.0037697668621231887,QLSTM,1,2,0.0009999999999999992,10,16,50,5
8,AMD,0.00520694438918409,QLSTM,1,2,0.0009999999999999992,10,16,50,5
8,ABT,0.005071718960111452,QLSTM,1,2,0.0009999999999999992,10,16,50,5
8,PM,0.010106544952246953,QLSTM,1,2,0.0009999999999999992,10,16,50,5
8,BA,0.00535314047539776,QLSTM,1,2,0.0009999999999999992,10,16,50,5
8,NKE,0.004033897005931728,QLSTM,1,2,0.0009999999999999992,10,16,50,5
8,GS,0.009142351283861155,QLSTM,1,2,0.0009999999999999992,10,16,50,5
8,T,0.003820915359855545,QLSTM,1,2,0.0009999999999999992,10,16,50,5
8,C,0.00503940481311557,QLSTM,1,2,0.0009999999999999992,10,16,50,5
8,MU,0.007012571758505973,QLSTM,1,2,0.0009999999999999992,10,16,50,5
9,NVDA,0.0017588530635376546,QLSTM,1,2,0.0009999999999999992,10,16,50,5
9,DIS,0.0039303280751813545,QLSTM,1,2,0.0009999999999999992,10,16,50,5
9,KO,0.010661419671536847,QLSTM,1,2,0.0009999999999999992,10,16,50,5
9,MO,0.006882152239665051,QLSTM,1,2,0.0009999999999999992,10,16,50,5
9,BABA,0.011886876965449615,QLSTM,1,2,0.0009999999999999992,10,16,50,5
9,MA,0.00893333896105601,QLSTM,1,2,0.0009999999999999992,10,16,50,5
9,V,0.00908386625815183,QLSTM,1,2,0.0009999999999999992,10,16,50,5
9,JPM,0.005266270420344716,QLSTM,1,2,0.0009999999999999992,10,16,50,5
9,PG,0.009084943142211572,QLSTM,1,2,0.0009999999999999992,10,16,50,5
9,TSM,0.0032743437226269057,QLSTM,1,2,0.0009999999999999992,10,16,50,5
9,META,0.0036678011119048197,QLSTM,1,2,0.0009999999999999992,10,16,50,5
9,TSLA,0.007042353892095641,QLSTM,1,2,0.0009999999999999992,10,16,50,5
9,MSFT,0.0045888909900730305,QLSTM,1,2,0.0009999999999999992,10,16,50,5
9,AAPL,0.00807334509127858,QLSTM,1,2,0.0009999999999999992,10,16,50,5
9,ABBV,0.008008895526555452,QLSTM,1,2,0.0009999999999999992,10,16,50,5
9,PEP,0.008580471695908769,QLSTM,1,2,0.0009999999999999992,10,16,50,5
9,CRM,0.0054388384080745955,QLSTM,1,2,0.0009999999999999992,10,16,50,5
9,PFE,0.0027652981542897496,QLSTM,1,2,0.0009999999999999992,10,16,50,5
9,NFLX,0.003721393390812657,QLSTM,1,2,0.0009999999999999992,10,16,50,5
9,AMD,0.005133495798376812,QLSTM,1,2,0.0009999999999999992,10,16,50,5
9,ABT,0.005067187573083423,QLSTM,1,2,0.0009999999999999992,10,16,50,5
9,PM,0.010036102908832783,QLSTM,1,2,0.0009999999999999992,10,16,50,5
9,BA,0.005324724341996692,QLSTM,1,2,0.0009999999999999992,10,16,50,5
9,NKE,0.00403012546964667,QLSTM,1,2,0.0009999999999999992,10,16,50,5
9,GS,0.009025446181608872,QLSTM,1,2,0.0009999999999999992,10,16,50,5
9,T,0.0038538662272251463,QLSTM,1,2,0.0009999999999999992,10,16,50,5
9,C,0.0050872782382860105,QLSTM,1,2,0.0009999999999999992,10,16,50,5
9,MU,0.007037295240231536,QLSTM,1,2,0.0009999999999999992,10,16,50,5
10,NVDA,0.001768313742517917,QLSTM,1,2,0.0009999999999999992,10,16,50,5
10,DIS,0.003860938796688887,QLSTM,1,2,0.0009999999999999992,10,16,50,5
10,KO,0.010672795491039076,QLSTM,1,2,0.0009999999999999992,10,16,50,5
10,MO,0.00718473939394409,QLSTM,1,2,0.0009999999999999992,10,16,50,5
10,BABA,0.011998009592802688,QLSTM,1,2,0.0009999999999999992,10,16,50,5
10,MA,0.009030481789853762,QLSTM,1,2,0.0009999999999999992,10,16,50,5
10,V,0.009118009686724028,QLSTM,1,2,0.0009999999999999992,10,16,50,5
10,JPM,0.005270535581406544,QLSTM,1,2,0.0009999999999999992,10,16,50,5
10,PG,0.009053511619144543,QLSTM,1,2,0.0009999999999999992,10,16,50,5
10,TSM,0.003271675303536044,QLSTM,1,2,0.0009999999999999992,10,16,50,5
10,META,0.004193801461951807,QLSTM,1,2,0.0009999999999999992,10,16,50,5
10,TSLA,0.007029996285299686,QLSTM,1,2,0.0009999999999999992,10,16,50,5
10,MSFT,0.004608561062592675,QLSTM,1,2,0.0009999999999999992,10,16,50,5
10,AAPL,0.007866627388549123,QLSTM,1,2,0.0009999999999999992,10,16,50,5
10,ABBV,0.008187217151068828,QLSTM,1,2,0.0009999999999999992,10,16,50,5
10,PEP,0.008561756207861683,QLSTM,1,2,0.0009999999999999992,10,16,50,5
10,CRM,0.005366890998133881,QLSTM,1,2,0.0009999999999999992,10,16,50,5
10,PFE,0.002761436224153096,QLSTM,1,2,0.0009999999999999992,10,16,50,5
10,NFLX,0.003741837707242336,QLSTM,1,2,0.0009999999999999992,10,16,50,5
10,AMD,0.0051940845759500835,QLSTM,1,2,0.0009999999999999992,10,16,50,5
10,ABT,0.005036350641272624,QLSTM,1,2,0.0009999999999999992,10,16,50,5
10,PM,0.010011694923212583,QLSTM,1,2,0.0009999999999999992,10,16,50,5
10,BA,0.005358728320888159,QLSTM,1,2,0.0009999999999999992,10,16,50,5
10,NKE,0.0040501273046670986,QLSTM,1,2,0.0009999999999999992,10,16,50,5
10,GS,0.009095249507068233,QLSTM,1,2,0.0009999999999999992,10,16,50,5
10,T,0.003929330931648358,QLSTM,1,2,0.0009999999999999992,10,16,50,5
10,C,0.005088820164515214,QLSTM,1,2,0.0009999999999999992,10,16,50,5
10,MU,0.007063734091141007,QLSTM,1,2,0.0009999999999999992,10,16,50,5
11,NVDA,0.0018015397389800373,QLSTM,1,2,0.0009999999999999992,10,16,50,5
11,DIS,0.0038531399331986904,QLSTM,1,2,0.0009999999999999992,10,16,50,5
11,KO,0.010491055267100985,QLSTM,1,2,0.0009999999999999992,10,16,50,5
11,MO,0.006951744588811628,QLSTM,1,2,0.0009999999999999992,10,16,50,5
11,BABA,0.011947868889282372,QLSTM,1,2,0.0009999999999999992,10,16,50,5
11,MA,0.009017427346076478,QLSTM,1,2,0.0009999999999999992,10,16,50,5
11,V,0.00902905754364011,QLSTM,1,2,0.0009999999999999992,10,16,50,5
11,JPM,0.0053060487209057264,QLSTM,1,2,0.0009999999999999992,10,16,50,5
11,PG,0.009107040791687641,QLSTM,1,2,0.0009999999999999992,10,16,50,5
11,TSM,0.00324904585828666,QLSTM,1,2,0.0009999999999999992,10,16,50,5
11,META,0.003642016616967422,QLSTM,1,2,0.0009999999999999992,10,16,50,5
11,TSLA,0.007094625058181753,QLSTM,1,2,0.0009999999999999992,10,16,50,5
11,MSFT,0.0046248255477456205,QLSTM,1,2,0.0009999999999999992,10,16,50,5
11,AAPL,0.007981325129301033,QLSTM,1,2,0.0009999999999999992,10,16,50,5
11,ABBV,0.008110433552329514,QLSTM,1,2,0.0009999999999999992,10,16,50,5
11,PEP,0.008510882659307257,QLSTM,1,2,0.0009999999999999992,10,16,50,5
11,CRM,0.005455252894369716,QLSTM,1,2,0.0009999999999999992,10,16,50,5
11,PFE,0.002777941072550179,QLSTM,1,2,0.0009999999999999992,10,16,50,5
11,NFLX,0.003735593043860387,QLSTM,1,2,0.0009999999999999992,10,16,50,5
11,AMD,0.0052436690788123415,QLSTM,1,2,0.0009999999999999992,10,16,50,5
11,ABT,0.005091882575387982,QLSTM,1,2,0.0009999999999999992,10,16,50,5
11,PM,0.01008129878689281,QLSTM,1,2,0.0009999999999999992,10,16,50,5
11,BA,0.00539718295278197,QLSTM,1,2,0.0009999999999999992,10,16,50,5
11,NKE,0.004064037697389722,QLSTM,1,2,0.0009999999999999992,10,16,50,5
11,GS,0.009084469532932748,QLSTM,1,2,0.0009999999999999992,10,16,50,5
11,T,0.0038136008343744006,QLSTM,1,2,0.0009999999999999992,10,16,50,5
11,C,0.005068671831395477,QLSTM,1,2,0.0009999999999999992,10,16,50,5
11,MU,0.006978123925033618,QLSTM,1,2,0.0009999999999999992,10,16,50,5
12,NVDA,0.001766964520687576,QLSTM,1,2,0.0009999999999999992,10,16,50,5
12,DIS,0.004003086116757582,QLSTM,1,2,0.0009999999999999992,10,16,50,5
12,KO,0.010708075122569095,QLSTM,1,2,0.0009999999999999992,10,16,50,5
12,MO,0.0069809205597266555,QLSTM,1,2,0.0009999999999999992,10,16,50,5
12,BABA,0.011924902993169699,QLSTM,1,2,0.0009999999999999992,10,16,50,5
12,MA,0.009054427680728788,QLSTM,1,2,0.0009999999999999992,10,16,50,5
12,V,0.009128403638235548,QLSTM,1,2,0.0009999999999999992,10,16,50,5
12,JPM,0.005295633195518431,QLSTM,1,2,0.0009999999999999992,10,16,50,5
12,PG,0.009153998107649386,QLSTM,1,2,0.0009999999999999992,10,16,50,5
12,TSM,0.0032604597985151818,QLSTM,1,2,0.0009999999999999992,10,16,50,5
12,META,0.003749477513007481,QLSTM,1,2,0.0009999999999999992,10,16,50,5
12,TSLA,0.007042377314064652,QLSTM,1,2,0.0009999999999999992,10,16,50,5
12,MSFT,0.0045866714472967115,QLSTM,1,2,0.0009999999999999992,10,16,50,5
12,AAPL,0.007980443706566637,QLSTM,1,2,0.0009999999999999992,10,16,50,5
12,ABBV,0.008126712721687827,QLSTM,1,2,0.0009999999999999992,10,16,50,5
12,PEP,0.008507064712995832,QLSTM,1,2,0.0009999999999999992,10,16,50,5
12,CRM,0.005378225130367686,QLSTM,1,2,0.0009999999999999992,10,16,50,5
12,PFE,0.002779340942982923,QLSTM,1,2,0.0009999999999999992,10,16,50,5
12,NFLX,0.003740943544967608,QLSTM,1,2,0.0009999999999999992,10,16,50,5
12,AMD,0.00520869993223724,QLSTM,1,2,0.0009999999999999992,10,16,50,5
12,ABT,0.005290847779674964,QLSTM,1,2,0.0009999999999999992,10,16,50,5
12,PM,0.010017107071524317,QLSTM,1,2,0.0009999999999999992,10,16,50,5
12,BA,0.0053181169946169985,QLSTM,1,2,0.0009999999999999992,10,16,50,5
12,NKE,0.004124233620876277,QLSTM,1,2,0.0009999999999999992,10,16,50,5
12,GS,0.009165866893123497,QLSTM,1,2,0.0009999999999999992,10,16,50,5
12,T,0.0038152996421558782,QLSTM,1,2,0.0009999999999999992,10,16,50,5
12,C,0.005001207496124235,QLSTM,1,2,0.0009999999999999992,10,16,50,5
12,MU,0.007057330888611349,QLSTM,1,2,0.0009999999999999992,10,16,50,5
13,NVDA,0.0017691734987734394,QLSTM,1,2,0.0009999999999999992,10,16,50,5
13,DIS,0.003921184000897814,QLSTM,1,2,0.0009999999999999992,10,16,50,5
13,KO,0.010663100613535127,QLSTM,1,2,0.0009999999999999992,10,16,50,5
13,MO,0.006852549177975478,QLSTM,1,2,0.0009999999999999992,10,16,50,5
13,BABA,0.01201848522759974,QLSTM,1,2,0.0009999999999999992,10,16,50,5
13,MA,0.008969037952324883,QLSTM,1,2,0.0009999999999999992,10,16,50,5
13,V,0.009062799201770262,QLSTM,1,2,0.0009999999999999992,10,16,50,5
13,JPM,0.005266668655994264,QLSTM,1,2,0.0009999999999999992,10,16,50,5
13,PG,0.009063643784346905,QLSTM,1,2,0.0009999999999999992,10,16,50,5
13,TSM,0.0032679258041422477,QLSTM,1,2,0.0009999999999999992,10,16,50,5
13,META,0.0036529027327725835,QLSTM,1,2,0.0009999999999999992,10,16,50,5
13,TSLA,0.007012835531813008,QLSTM,1,2,0.0009999999999999992,10,16,50,5
13,MSFT,0.004690486694347452,QLSTM,1,2,0.0009999999999999992,10,16,50,5
13,AAPL,0.007932714599354023,QLSTM,1,2,0.0009999999999999992,10,16,50,5
13,ABBV,0.00805173835992305,QLSTM,1,2,0.0009999999999999992,10,16,50,5
13,PEP,0.00857352238910442,QLSTM,1,2,0.0009999999999999992,10,16,50,5
13,CRM,0.005403977384875444,QLSTM,1,2,0.0009999999999999992,10,16,50,5
13,PFE,0.002833281024570831,QLSTM,1,2,0.0009999999999999992,10,16,50,5
13,NFLX,0.003746055267666551,QLSTM,1,2,0.0009999999999999992,10,16,50,5
13,AMD,0.005220560177060013,QLSTM,1,2,0.0009999999999999992,10,16,50,5
13,ABT,0.005112115923442285,QLSTM,1,2,0.0009999999999999992,10,16,50,5
13,PM,0.010024866861799224,QLSTM,1,2,0.0009999999999999992,10,16,50,5
13,BA,0.005303550871427764,QLSTM,1,2,0.0009999999999999992,10,16,50,5
13,NKE,0.004074739620343528,QLSTM,1,2,0.0009999999999999992,10,16,50,5
13,GS,0.009147440316155553,QLSTM,1,2,0.0009999999999999992,10,16,50,5
13,T,0.003950891751711341,QLSTM,1,2,0.0009999999999999992,10,16,50,5
13,C,0.005083136070011692,QLSTM,1,2,0.0009999999999999992,10,16,50,5
13,MU,0.006968920076773925,QLSTM,1,2,0.0009999999999999992,10,16,50,5
14,NVDA,0.001765088612129065,QLSTM,1,2,0.0009999999999999992,10,16,50,5
14,DIS,0.003878601694437252,QLSTM,1,2,0.0009999999999999992,10,16,50,5
14,KO,0.010704797734929756,QLSTM,1,2,0.0009999999999999992,10,16,50,5
14,MO,0.006919004568110474,QLSTM,1,2,0.0009999999999999992,10,16,50,5
14,BABA,0.012042647185312077,QLSTM,1,2,0.0009999999999999992,10,16,50,5
14,MA,0.008929848924956539,QLSTM,1,2,0.0009999999999999992,10,16,50,5
14,V,0.009136519606479189,QLSTM,1,2,0.0009999999999999992,10,16,50,5
14,JPM,0.005234059200368144,QLSTM,1,2,0.0009999999999999992,10,16,50,5
14,PG,0.009155377523380925,QLSTM,1,2,0.0009999999999999992,10,16,50,5
14,TSM,0.0032498763122765176,QLSTM,1,2,0.0009999999999999992,10,16,50,5
14,META,0.003649793303338811,QLSTM,1,2,0.0009999999999999992,10,16,50,5
14,TSLA,0.007093517554246567,QLSTM,1,2,0.0009999999999999992,10,16,50,5
14,MSFT,0.004601422422142191,QLSTM,1,2,0.0009999999999999992,10,16,50,5
14,AAPL,0.008242050810209052,QLSTM,1,2,0.0009999999999999992,10,16,50,5
14,ABBV,0.008092296595515852,QLSTM,1,2,0.0009999999999999992,10,16,50,5
14,PEP,0.008629209891130979,QLSTM,1,2,0.0009999999999999992,10,16,50,5
14,CRM,0.005362131939777596,QLSTM,1,2,0.0009999999999999992,10,16,50,5
14,PFE,0.0027782771609384904,QLSTM,1,2,0.0009999999999999992,10,16,50,5
14,NFLX,0.0037214275745844298,QLSTM,1,2,0.0009999999999999992,10,16,50,5
14,AMD,0.005176205172161149,QLSTM,1,2,0.0009999999999999992,10,16,50,5
14,ABT,0.005091798407110301,QLSTM,1,2,0.0009999999999999992,10,16,50,5
14,PM,0.010062090375206688,QLSTM,1,2,0.0009999999999999992,10,16,50,5
14,BA,0.005360358606346629,QLSTM,1,2,0.0009999999999999992,10,16,50,5
14,NKE,0.004036833881400526,QLSTM,1,2,0.0009999999999999992,10,16,50,5
14,GS,0.009137701179662889,QLSTM,1,2,0.0009999999999999992,10,16,50,5
14,T,0.003826937069375576,QLSTM,1,2,0.0009999999999999992,10,16,50,5
14,C,0.005000770150218159,QLSTM,1,2,0.0009999999999999992,10,16,50,5
14,MU,0.006931630283361301,QLSTM,1,2,0.0009999999999999992,10,16,50,5
15,NVDA,0.001778385702478276,QLSTM,1,2,0.0009999999999999992,10,16,50,5
15,DIS,0.0039099343756044454,QLSTM,1,2,0.0009999999999999992,10,16,50,5
15,KO,0.010493084534325382,QLSTM,1,2,0.0009999999999999992,10,16,50,5
15,MO,0.006876458696999841,QLSTM,1,2,0.0009999999999999992,10,16,50,5
15,BABA,0.011991323966702277,QLSTM,1,2,0.0009999999999999992,10,16,50,5
15,MA,0.008967949818311767,QLSTM,1,2,0.0009999999999999992,10,16,50,5
15,V,0.009085701080039144,QLSTM,1,2,0.0009999999999999992,10,16,50,5
15,JPM,0.005275681625459005,QLSTM,1,2,0.0009999999999999992,10,16,50,5
15,PG,0.009191298180005768,QLSTM,1,2,0.0009999999999999992,10,16,50,5
15,TSM,0.0032569339699958537,QLSTM,1,2,0.0009999999999999992,10,16,50,5
15,META,0.003674806849713522,QLSTM,1,2,0.0009999999999999992,10,16,50,5
15,TSLA,0.00739090810847384,QLSTM,1,2,0.0009999999999999992,10,16,50,5
15,MSFT,0.004596993956841867,QLSTM,1,2,0.0009999999999999992,10,16,50,5
15,AAPL,0.007894223894585262,QLSTM,1,2,0.0009999999999999992,10,16,50,5
15,ABBV,0.00810952291993255,QLSTM,1,2,0.0009999999999999992,10,16,50,5
15,PEP,0.008493194324811075,QLSTM,1,2,0.0009999999999999992,10,16,50,5
15,CRM,0.005378683801444078,QLSTM,1,2,0.0009999999999999992,10,16,50,5
15,PFE,0.002812101802026684,QLSTM,1,2,0.0009999999999999992,10,16,50,5
15,NFLX,0.0037202798200517214,QLSTM,1,2,0.0009999999999999992,10,16,50,5
15,AMD,0.005127594187136062,QLSTM,1,2,0.0009999999999999992,10,16,50,5
15,ABT,0.005068743252195418,QLSTM,1,2,0.0009999999999999992,10,16,50,5
15,PM,0.010038379780863497,QLSTM,1,2,0.0009999999999999992,10,16,50,5
15,BA,0.005361334452490238,QLSTM,1,2,0.0009999999999999992,10,16,50,5
15,NKE,0.004083540465217084,QLSTM,1,2,0.0009999999999999992,10,16,50,5
15,GS,0.009281867670572617,QLSTM,1,2,0.0009999999999999992,10,16,50,5
15,T,0.0038335539879467847,QLSTM,1,2,0.0009999999999999992,10,16,50,5
15,C,0.0052146645612083375,QLSTM,1,2,0.0009999999999999992,10,16,50,5
15,MU,0.007204990442418916,QLSTM,1,2,0.0009999999999999992,10,16,50,5
16,NVDA,0.00174915278065865,QLSTM,1,2,0.0009999999999999992,10,16,50,5
16,DIS,0.0038966631453314967,QLSTM,1,2,0.0009999999999999992,10,16,50,5
16,KO,0.010570840047545393,QLSTM,1,2,0.0009999999999999992,10,16,50,5
16,MO,0.00685959719968113,QLSTM,1,2,0.0009999999999999992,10,16,50,5
16,BABA,0.012041694018989801,QLSTM,1,2,0.0009999999999999992,10,16,50,5
16,MA,0.008941292614591393,QLSTM,1,2,0.0009999999999999992,10,16,50,5
16,V,0.009084943787787448,QLSTM,1,2,0.0009999999999999992,10,16,50,5
16,JPM,0.00526839611120522,QLSTM,1,2,0.0009999999999999992,10,16,50,5
16,PG,0.009120533316904171,QLSTM,1,2,0.0009999999999999992,10,16,50,5
16,TSM,0.0032665128978392618,QLSTM,1,2,0.0009999999999999992,10,16,50,5
16,META,0.0036428134666163137,QLSTM,1,2,0.0009999999999999992,10,16,50,5
16,TSLA,0.008547987521689554,QLSTM,1,2,0.0009999999999999992,10,16,50,5
16,MSFT,0.004731938782656057,QLSTM,1,2,0.0009999999999999992,10,16,50,5
16,AAPL,0.007974065681496128,QLSTM,1,2,0.0009999999999999992,10,16,50,5
16,ABBV,0.008027876727283001,QLSTM,1,2,0.0009999999999999992,10,16,50,5
16,PEP,0.008511506962928583,QLSTM,1,2,0.0009999999999999992,10,16,50,5
16,CRM,0.005346036532004787,QLSTM,1,2,0.0009999999999999992,10,16,50,5
16,PFE,0.0028142915398348123,QLSTM,1,2,0.0009999999999999992,10,16,50,5
16,NFLX,0.003766841927162287,QLSTM,1,2,0.0009999999999999992,10,16,50,5
16,AMD,0.0051872854131612585,QLSTM,1,2,0.0009999999999999992,10,16,50,5
16,ABT,0.0051784930454397745,QLSTM,1,2,0.0009999999999999992,10,16,50,5
16,PM,0.01000271393621171,QLSTM,1,2,0.0009999999999999992,10,16,50,5
16,BA,0.005322910898195749,QLSTM,1,2,0.0009999999999999992,10,16,50,5
16,NKE,0.004095567173366858,QLSTM,1,2,0.0009999999999999992,10,16,50,5
16,GS,0.009088151241568003,QLSTM,1,2,0.0009999999999999992,10,16,50,5
16,T,0.0038293297032148325,QLSTM,1,2,0.0009999999999999992,10,16,50,5
16,C,0.005046704000878063,QLSTM,1,2,0.0009999999999999992,10,16,50,5
16,MU,0.007110654905607755,QLSTM,1,2,0.0009999999999999992,10,16,50,5
17,NVDA,0.001786935749061575,QLSTM,1,2,0.0009999999999999992,10,16,50,5
17,DIS,0.003854038035073741,QLSTM,1,2,0.0009999999999999992,10,16,50,5
17,KO,0.010561205954714254,QLSTM,1,2,0.0009999999999999992,10,16,50,5
17,MO,0.006840129964984953,QLSTM,1,2,0.0009999999999999992,10,16,50,5
17,BABA,0.011953175575895742,QLSTM,1,2,0.0009999999999999992,10,16,50,5
17,MA,0.009019618134268305,QLSTM,1,2,0.0009999999999999992,10,16,50,5
17,V,0.009074423885480925,QLSTM,1,2,0.0009999999999999992,10,16,50,5
17,JPM,0.005305050470104272,QLSTM,1,2,0.0009999999999999992,10,16,50,5
17,PG,0.009208826729181137,QLSTM,1,2,0.0009999999999999992,10,16,50,5
17,TSM,0.0032751893846910784,QLSTM,1,2,0.0009999999999999992,10,16,50,5
17,META,0.003694557259388437,QLSTM,1,2,0.0009999999999999992,10,16,50,5
17,TSLA,0.008573600567284633,QLSTM,1,2,0.0009999999999999992,10,16,50,5
17,MSFT,0.004594044056086039,QLSTM,1,2,0.0009999999999999992,10,16,50,5
17,AAPL,0.007972538862800733,QLSTM,1,2,0.0009999999999999992,10,16,50,5
17,ABBV,0.008015356449918314,QLSTM,1,2,0.0009999999999999992,10,16,50,5
17,PEP,0.008570992387831211,QLSTM,1,2,0.0009999999999999992,10,16,50,5
17,CRM,0.005394068472510712,QLSTM,1,2,0.0009999999999999992,10,16,50,5
17,PFE,0.0027565747652922505,QLSTM,1,2,0.0009999999999999992,10,16,50,5
17,NFLX,0.003749108063692058,QLSTM,1,2,0.0009999999999999992,10,16,50,5
17,AMD,0.005161138759417968,QLSTM,1,2,0.0009999999999999992,10,16,50,5
17,ABT,0.0050778874323110686,QLSTM,1,2,0.0009999999999999992,10,16,50,5
17,PM,0.010140395680950447,QLSTM,1,2,0.0009999999999999992,10,16,50,5
17,BA,0.005437269595197656,QLSTM,1,2,0.0009999999999999992,10,16,50,5
17,NKE,0.004046251314734532,QLSTM,1,2,0.0009999999999999992,10,16,50,5
17,GS,0.009068168308162554,QLSTM,1,2,0.0009999999999999992,10,16,50,5
17,T,0.0038394242953720755,QLSTM,1,2,0.0009999999999999992,10,16,50,5
17,C,0.005007042528384111,QLSTM,1,2,0.0009999999999999992,10,16,50,5
17,MU,0.006963852263817733,QLSTM,1,2,0.0009999999999999992,10,16,50,5
18,NVDA,0.0017615581428716805,QLSTM,1,2,0.0009999999999999992,10,16,50,5
18,DIS,0.0038268001517280936,QLSTM,1,2,0.0009999999999999992,10,16,50,5
18,KO,0.010691211537711999,QLSTM,1,2,0.0009999999999999992,10,16,50,5
18,MO,0.007264127351597629,QLSTM,1,2,0.0009999999999999992,10,16,50,5
18,BABA,0.012015415387312796,QLSTM,1,2,0.0009999999999999992,10,16,50,5
18,MA,0.008939782697284087,QLSTM,1,2,0.0009999999999999992,10,16,50,5
18,V,0.009127145781266418,QLSTM,1,2,0.0009999999999999992,10,16,50,5
18,JPM,0.005264032674445348,QLSTM,1,2,0.0009999999999999992,10,16,50,5
18,PG,0.009104866195808758,QLSTM,1,2,0.0009999999999999992,10,16,50,5
18,TSM,0.0033125773823650725,QLSTM,1,2,0.0009999999999999992,10,16,50,5
18,META,0.0036403297854121774,QLSTM,1,2,0.0009999999999999992,10,16,50,5
18,TSLA,0.007041229115037078,QLSTM,1,2,0.0009999999999999992,10,16,50,5
18,MSFT,0.004603015380615199,QLSTM,1,2,0.0009999999999999992,10,16,50,5
18,AAPL,0.007934293191117997,QLSTM,1,2,0.0009999999999999992,10,16,50,5
18,ABBV,0.008303444186987525,QLSTM,1,2,0.0009999999999999992,10,16,50,5
18,PEP,0.008536593565209345,QLSTM,1,2,0.0009999999999999992,10,16,50,5
18,CRM,0.005352941389322619,QLSTM,1,2,0.0009999999999999992,10,16,50,5
18,PFE,0.0027969169710889796,QLSTM,1,2,0.0009999999999999992,10,16,50,5
18,NFLX,0.0037244581035338342,QLSTM,1,2,0.0009999999999999992,10,16,50,5
18,AMD,0.005124427245887505,QLSTM,1,2,0.0009999999999999992,10,16,50,5
18,ABT,0.005100269939496436,QLSTM,1,2,0.0009999999999999992,10,16,50,5
18,PM,0.010061931669373404,QLSTM,1,2,0.0009999999999999992,10,16,50,5
18,BA,0.005347871962426739,QLSTM,1,2,0.0009999999999999992,10,16,50,5
18,NKE,0.004040507605003024,QLSTM,1,2,0.0009999999999999992,10,16,50,5
18,GS,0.009162316331639886,QLSTM,1,2,0.0009999999999999992,10,16,50,5
18,T,0.003829906882443042,QLSTM,1,2,0.0009999999999999992,10,16,50,5
18,C,0.004978029935790057,QLSTM,1,2,0.0009999999999999992,10,16,50,5
18,MU,0.007046820712275803,QLSTM,1,2,0.0009999999999999992,10,16,50,5
19,NVDA,0.001771243275884031,QLSTM,1,2,0.0009999999999999992,10,16,50,5
19,DIS,0.00402354304572906,QLSTM,1,2,0.0009999999999999992,10,16,50,5
19,KO,0.010563367813698609,QLSTM,1,2,0.0009999999999999992,10,16,50,5
19,MO,0.006905115738680417,QLSTM,1,2,0.0009999999999999992,10,16,50,5
19,BABA,0.012097201373597438,QLSTM,1,2,0.0009999999999999992,10,16,50,5
19,MA,0.008969779613173821,QLSTM,1,2,0.0009999999999999992,10,16,50,5
19,V,0.009059451414610852,QLSTM,1,2,0.0009999999999999992,10,16,50,5
19,JPM,0.005257593637162989,QLSTM,1,2,0.0009999999999999992,10,16,50,5
19,PG,0.009074646154079925,QLSTM,1,2,0.0009999999999999992,10,16,50,5
19,TSM,0.003277081011963839,QLSTM,1,2,0.0009999999999999992,10,16,50,5
19,META,0.00367253378234719,QLSTM,1,2,0.0009999999999999992,10,16,50,5
19,TSLA,0.007069053916810927,QLSTM,1,2,0.0009999999999999992,10,16,50,5
19,MSFT,0.004600302168083462,QLSTM,1,2,0.0009999999999999992,10,16,50,5
19,AAPL,0.007943603792227805,QLSTM,1,2,0.0009999999999999992,10,16,50,5
19,ABBV,0.00810334335123612,QLSTM,1,2,0.0009999999999999992,10,16,50,5
19,PEP,0.008719849516637623,QLSTM,1,2,0.0009999999999999992,10,16,50,5
19,CRM,0.0053917328848249535,QLSTM,1,2,0.0009999999999999992,10,16,50,5
19,PFE,0.0027866517458195713,QLSTM,1,2,0.0009999999999999992,10,16,50,5
19,NFLX,0.003724460140801966,QLSTM,1,2,0.0009999999999999992,10,16,50,5
19,AMD,0.005137372851922092,QLSTM,1,2,0.0009999999999999992,10,16,50,5
19,ABT,0.005044170639435338,QLSTM,1,2,0.0009999999999999992,10,16,50,5
19,PM,0.009967066135934809,QLSTM,1,2,0.0009999999999999992,10,16,50,5
19,BA,0.005363699704916639,QLSTM,1,2,0.0009999999999999992,10,16,50,5
19,NKE,0.00403401442930441,QLSTM,1,2,0.0009999999999999992,10,16,50,5
19,GS,0.008993367521642622,QLSTM,1,2,0.0009999999999999992,10,16,50,5
19,T,0.003821108775975352,QLSTM,1,2,0.0009999999999999992,10,16,50,5
19,C,0.005090788885189051,QLSTM,1,2,0.0009999999999999992,10,16,50,5
19,MU,0.006986180870709094,QLSTM,1,2,0.0009999999999999992,10,16,50,5
20,NVDA,0.0017501574528234248,QLSTM,1,2,0.0009999999999999992,10,16,50,5
20,DIS,0.003888742701912468,QLSTM,1,2,0.0009999999999999992,10,16,50,5
20,KO,0.01066485401877964,QLSTM,1,2,0.0009999999999999992,10,16,50,5
20,MO,0.006841865093023939,QLSTM,1,2,0.0009999999999999992,10,16,50,5
20,BABA,0.011948673393238674,QLSTM,1,2,0.0009999999999999992,10,16,50,5
20,MA,0.009009836156937208,QLSTM,1,2,0.0009999999999999992,10,16,50,5
20,V,0.009173697580329397,QLSTM,1,2,0.0009999999999999992,10,16,50,5
20,JPM,0.005206353046973659,QLSTM,1,2,0.0009999999999999992,10,16,50,5
20,PG,0.009068101485767826,QLSTM,1,2,0.0009999999999999992,10,16,50,5
20,TSM,0.0032779108838770876,QLSTM,1,2,0.0009999999999999992,10,16,50,5
20,META,0.0043607753204097125,QLSTM,1,2,0.0009999999999999992,10,16,50,5
20,TSLA,0.007023808339991691,QLSTM,1,2,0.0009999999999999992,10,16,50,5
20,MSFT,0.004574382974004204,QLSTM,1,2,0.0009999999999999992,10,16,50,5
20,AAPL,0.007858634598299184,QLSTM,1,2,0.0009999999999999992,10,16,50,5
20,ABBV,0.00809776705732061,QLSTM,1,2,0.0009999999999999992,10,16,50,5
20,PEP,0.0085308249743486,QLSTM,1,2,0.0009999999999999992,10,16,50,5
20,CRM,0.005374341504648328,QLSTM,1,2,0.0009999999999999992,10,16,50,5
20,PFE,0.002795972091420977,QLSTM,1,2,0.0009999999999999992,10,16,50,5
20,NFLX,0.0037799424423031846,QLSTM,1,2,0.0009999999999999992,10,16,50,5
20,AMD,0.005175470104652711,QLSTM,1,2,0.0009999999999999992,10,16,50,5
20,ABT,0.005146987101232464,QLSTM,1,2,0.0009999999999999992,10,16,50,5
20,PM,0.00997202379883013,QLSTM,1,2,0.0009999999999999992,10,16,50,5
20,BA,0.005335439060052688,QLSTM,1,2,0.0009999999999999992,10,16,50,5
20,NKE,0.0040989125607831575,QLSTM,1,2,0.0009999999999999992,10,16,50,5
20,GS,0.009091508193788204,QLSTM,1,2,0.0009999999999999992,10,16,50,5
20,T,0.0038216028769966215,QLSTM,1,2,0.0009999999999999992,10,16,50,5
20,C,0.0051160452104258266,QLSTM,1,2,0.0009999999999999992,10,16,50,5
20,MU,0.006939053397879682,QLSTM,1,2,0.0009999999999999992,10,16,50,5
21,NVDA,0.0017601594498211687,QLSTM,1,2,0.0009999999999999992,10,16,50,5
21,DIS,0.0038767602104185657,QLSTM,1,2,0.0009999999999999992,10,16,50,5
21,KO,0.010543390452353791,QLSTM,1,2,0.0009999999999999992,10,16,50,5
21,MO,0.006853582623245364,QLSTM,1,2,0.0009999999999999992,10,16,50,5
21,BABA,0.01229643629101867,QLSTM,1,2,0.0009999999999999992,10,16,50,5
21,MA,0.009045514616776596,QLSTM,1,2,0.0009999999999999992,10,16,50,5
21,V,0.009050425173799422,QLSTM,1,2,0.0009999999999999992,10,16,50,5
21,JPM,0.005240055965259671,QLSTM,1,2,0.0009999999999999992,10,16,50,5
21,PG,0.009175936469215561,QLSTM,1,2,0.0009999999999999992,10,16,50,5
21,TSM,0.0033078445756638594,QLSTM,1,2,0.0009999999999999992,10,16,50,5
21,META,0.0036539990634826772,QLSTM,1,2,0.0009999999999999992,10,16,50,5
21,TSLA,0.007044366571459581,QLSTM,1,2,0.0009999999999999992,10,16,50,5
21,MSFT,0.004616837482899427,QLSTM,1,2,0.0009999999999999992,10,16,50,5
21,AAPL,0.007834774494933134,QLSTM,1,2,0.0009999999999999992,10,16,50,5
21,ABBV,0.008152939622629096,QLSTM,1,2,0.0009999999999999992,10,16,50,5
21,PEP,0.008504091296344995,QLSTM,1,2,0.0009999999999999992,10,16,50,5
21,CRM,0.005385145576755432,QLSTM,1,2,0.0009999999999999992,10,16,50,5
21,PFE,0.0027631999162787742,QLSTM,1,2,0.0009999999999999992,10,16,50,5
21,NFLX,0.0037486040514936162,QLSTM,1,2,0.0009999999999999992,10,16,50,5
21,AMD,0.005217016092501581,QLSTM,1,2,0.0009999999999999992,10,16,50,5
21,ABT,0.005048157435587861,QLSTM,1,2,0.0009999999999999992,10,16,50,5
21,PM,0.01003842203962532,QLSTM,1,2,0.0009999999999999992,10,16,50,5
21,BA,0.00534060156099837,QLSTM,1,2,0.0009999999999999992,10,16,50,5
21,NKE,0.004073810652533377,QLSTM,1,2,0.0009999999999999992,10,16,50,5
21,GS,0.009144921638918195,QLSTM,1,2,0.0009999999999999992,10,16,50,5
21,T,0.0038642307415350592,QLSTM,1,2,0.0009999999999999992,10,16,50,5
21,C,0.005208480738061057,QLSTM,1,2,0.0009999999999999992,10,16,50,5
21,MU,0.0070200520990924406,QLSTM,1,2,0.0009999999999999992,10,16,50,5
22,NVDA,0.0017627653750506315,QLSTM,1,2,0.0009999999999999992,10,16,50,5
22,DIS,0.0038816620045426216,QLSTM,1,2,0.0009999999999999992,10,16,50,5
22,KO,0.010535991263829848,QLSTM,1,2,0.0009999999999999992,10,16,50,5
22,MO,0.006972485814582218,QLSTM,1,2,0.0009999999999999992,10,16,50,5
22,BABA,0.01264603774655949,QLSTM,1,2,0.0009999999999999992,10,16,50,5
22,MA,0.009126744243655015,QLSTM,1,2,0.0009999999999999992,10,16,50,5
22,V,0.009082421882670711,QLSTM,1,2,0.0009999999999999992,10,16,50,5
22,JPM,0.005279202289371328,QLSTM,1,2,0.0009999999999999992,10,16,50,5
22,PG,0.009057964113625612,QLSTM,1,2,0.0009999999999999992,10,16,50,5
22,TSM,0.003266347603957084,QLSTM,1,2,0.0009999999999999992,10,16,50,5
22,META,0.0036258458487943494,QLSTM,1,2,0.0009999999999999992,10,16,50,5
22,TSLA,0.007034756312019785,QLSTM,1,2,0.0009999999999999992,10,16,50,5
22,MSFT,0.004637368589597331,QLSTM,1,2,0.0009999999999999992,10,16,50,5
22,AAPL,0.007876938081939112,QLSTM,1,2,0.0009999999999999992,10,16,50,5
22,ABBV,0.008073568936776031,QLSTM,1,2,0.0009999999999999992,10,16,50,5
22,PEP,0.008537417066029528,QLSTM,1,2,0.0009999999999999992,10,16,50,5
22,CRM,0.005410274670628662,QLSTM,1,2,0.0009999999999999992,10,16,50,5
22,PFE,0.0027607631848447704,QLSTM,1,2,0.0009999999999999992,10,16,50,5
22,NFLX,0.0037198132591914723,QLSTM,1,2,0.0009999999999999992,10,16,50,5
22,AMD,0.005180582457052713,QLSTM,1,2,0.0009999999999999992,10,16,50,5
22,ABT,0.0050588882295414805,QLSTM,1,2,0.0009999999999999992,10,16,50,5
22,PM,0.010198083896697923,QLSTM,1,2,0.0009999999999999992,10,16,50,5
22,BA,0.005333820061588829,QLSTM,1,2,0.0009999999999999992,10,16,50,5
22,NKE,0.0040377101104240865,QLSTM,1,2,0.0009999999999999992,10,16,50,5
22,GS,0.009034504267302427,QLSTM,1,2,0.0009999999999999992,10,16,50,5
22,T,0.0038310578966047615,QLSTM,1,2,0.0009999999999999992,10,16,50,5
22,C,0.005008652859198099,QLSTM,1,2,0.0009999999999999992,10,16,50,5
22,MU,0.006946850811469962,QLSTM,1,2,0.0009999999999999992,10,16,50,5
23,NVDA,0.0017679333210584116,QLSTM,1,2,0.0009999999999999992,10,16,50,5
23,DIS,0.003854371781926602,QLSTM,1,2,0.0009999999999999992,10,16,50,5
23,KO,0.01065456024794416,QLSTM,1,2,0.0009999999999999992,10,16,50,5
23,MO,0.0068858238995413885,QLSTM,1,2,0.0009999999999999992,10,16,50,5
23,BABA,0.011894481933929703,QLSTM,1,2,0.0009999999999999992,10,16,50,5
23,MA,0.009048960774882951,QLSTM,1,2,0.0009999999999999992,10,16,50,5
23,V,0.009111429363573816,QLSTM,1,2,0.0009999999999999992,10,16,50,5
23,JPM,0.00525254299017516,QLSTM,1,2,0.0009999999999999992,10,16,50,5
23,PG,0.009076427054506812,QLSTM,1,2,0.0009999999999999992,10,16,50,5
23,TSM,0.0032408850436860866,QLSTM,1,2,0.0009999999999999992,10,16,50,5
23,META,0.003641696974889121,QLSTM,1,2,0.0009999999999999992,10,16,50,5
23,TSLA,0.00705431119157848,QLSTM,1,2,0.0009999999999999992,10,16,50,5
23,MSFT,0.0046396305234256115,QLSTM,1,2,0.0009999999999999992,10,16,50,5
23,AAPL,0.00819128527390686,QLSTM,1,2,0.0009999999999999992,10,16,50,5
23,ABBV,0.00807518155356361,QLSTM,1,2,0.0009999999999999992,10,16,50,5
23,PEP,0.008478288358839398,QLSTM,1,2,0.0009999999999999992,10,16,50,5
23,CRM,0.005392973184246908,QLSTM,1,2,0.0009999999999999992,10,16,50,5
23,PFE,0.002762025449721312,QLSTM,1,2,0.0009999999999999992,10,16,50,5
23,NFLX,0.004095087616323409,QLSTM,1,2,0.0009999999999999992,10,16,50,5
23,AMD,0.00512067909585312,QLSTM,1,2,0.0009999999999999992,10,16,50,5
23,ABT,0.0050892069702968,QLSTM,1,2,0.0009999999999999992,10,16,50,5
23,PM,0.010080055582379415,QLSTM,1,2,0.0009999999999999992,10,16,50,5
23,BA,0.005361438601870428,QLSTM,1,2,0.0009999999999999992,10,16,50,5
23,NKE,0.004060277784116228,QLSTM,1,2,0.0009999999999999992,10,16,50,5
23,GS,0.009150296259163455,QLSTM,1,2,0.0009999999999999992,10,16,50,5
23,T,0.003818801770896905,QLSTM,1,2,0.0009999999999999992,10,16,50,5
23,C,0.005071037676481699,QLSTM,1,2,0.0009999999999999992,10,16,50,5
23,MU,0.00697525399631228,QLSTM,1,2,0.0009999999999999992,10,16,50,5
24,NVDA,0.0017802117826332424,QLSTM,1,2,0.0009999999999999992,10,16,50,5
24,DIS,0.003884782924697819,QLSTM,1,2,0.0009999999999999992,10,16,50,5
24,KO,0.01056203893809156,QLSTM,1,2,0.0009999999999999992,10,16,50,5
24,MO,0.006912020622456277,QLSTM,1,2,0.0009999999999999992,10,16,50,5
24,BABA,0.011899167735298926,QLSTM,1,2,0.0009999999999999992,10,16,50,5
24,MA,0.008979576512832533,QLSTM,1,2,0.0009999999999999992,10,16,50,5
24,V,0.009182551388882777,QLSTM,1,2,0.0009999999999999992,10,16,50,5
24,JPM,0.00534029032992707,QLSTM,1,2,0.0009999999999999992,10,16,50,5
24,PG,0.00907845070204613,QLSTM,1,2,0.0009999999999999992,10,16,50,5
24,TSM,0.003296132220632651,QLSTM,1,2,0.0009999999999999992,10,16,50,5
24,META,0.003640850733394142,QLSTM,1,2,0.0009999999999999992,10,16,50,5
24,TSLA,0.007036555912980641,QLSTM,1,2,0.0009999999999999992,10,16,50,5
24,MSFT,0.004620365290479226,QLSTM,1,2,0.0009999999999999992,10,16,50,5
24,AAPL,0.007942752954973415,QLSTM,1,2,0.0009999999999999992,10,16,50,5
24,ABBV,0.008238657610490918,QLSTM,1,2,0.0009999999999999992,10,16,50,5
24,PEP,0.008558298228308558,QLSTM,1,2,0.0009999999999999992,10,16,50,5
24,CRM,0.005397860246541148,QLSTM,1,2,0.0009999999999999992,10,16,50,5
24,PFE,0.002809348288627172,QLSTM,1,2,0.0009999999999999992,10,16,50,5
24,NFLX,0.0037316618571904573,QLSTM,1,2,0.0009999999999999992,10,16,50,5
24,AMD,0.005321339418349618,QLSTM,1,2,0.0009999999999999992,10,16,50,5
24,ABT,0.005116282613016665,QLSTM,1,2,0.0009999999999999992,10,16,50,5
24,PM,0.01006027069789442,QLSTM,1,2,0.0009999999999999992,10,16,50,5
24,BA,0.005365810917944394,QLSTM,1,2,0.0009999999999999992,10,16,50,5
24,NKE,0.004036622190720995,QLSTM,1,2,0.0009999999999999992,10,16,50,5
24,GS,0.009051955156874928,QLSTM,1,2,0.0009999999999999992,10,16,50,5
24,T,0.004376702530531806,QLSTM,1,2,0.0009999999999999992,10,16,50,5
24,C,0.005029073334299028,QLSTM,1,2,0.0009999999999999992,10,16,50,5
24,MU,0.0070423263611949305,QLSTM,1,2,0.0009999999999999992,10,16,50,5
25,NVDA,0.0017514918740330772,QLSTM,1,2,0.0009999999999999992,10,16,50,5
25,DIS,0.0038604801414873114,QLSTM,1,2,0.0009999999999999992,10,16,50,5
25,KO,0.01064118094191971,QLSTM,1,2,0.0009999999999999992,10,16,50,5
25,MO,0.006867126836864786,QLSTM,1,2,0.0009999999999999992,10,16,50,5
25,BABA,0.011946607613936067,QLSTM,1,2,0.0009999999999999992,10,16,50,5
25,MA,0.008915322430601174,QLSTM,1,2,0.0009999999999999992,10,16,50,5
25,V,0.009136171609332616,QLSTM,1,2,0.0009999999999999992,10,16,50,5
25,JPM,0.005305755068548024,QLSTM,1,2,0.0009999999999999992,10,16,50,5
25,PG,0.009094181661070748,QLSTM,1,2,0.0009999999999999992,10,16,50,5
25,TSM,0.003249246129681441,QLSTM,1,2,0.0009999999999999992,10,16,50,5
25,META,0.004183175743409348,QLSTM,1,2,0.0009999999999999992,10,16,50,5
25,TSLA,0.007054178605110131,QLSTM,1,2,0.0009999999999999992,10,16,50,5
25,MSFT,0.004616894663988866,QLSTM,1,2,0.0009999999999999992,10,16,50,5
25,AAPL,0.007861507760191505,QLSTM,1,2,0.0009999999999999992,10,16,50,5
25,ABBV,0.008118673830970445,QLSTM,1,2,0.0009999999999999992,10,16,50,5
25,PEP,0.008505636371079494,QLSTM,1,2,0.0009999999999999992,10,16,50,5
25,CRM,0.0053516453269615094,QLSTM,1,2,0.0009999999999999992,10,16,50,5
25,PFE,0.002766961290035397,QLSTM,1,2,0.0009999999999999992,10,16,50,5
25,NFLX,0.0037223220040852375,QLSTM,1,2,0.0009999999999999992,10,16,50,5
25,AMD,0.005233217956794595,QLSTM,1,2,0.0009999999999999992,10,16,50,5
25,ABT,0.005035282811149955,QLSTM,1,2,0.0009999999999999992,10,16,50,5
25,PM,0.010052723259749737,QLSTM,1,2,0.0009999999999999992,10,16,50,5
25,BA,0.0053904058454050255,QLSTM,1,2,0.0009999999999999992,10,16,50,5
25,NKE,0.004059913319493221,QLSTM,1,2,0.0009999999999999992,10,16,50,5
25,GS,0.009042918862012977,QLSTM,1,2,0.0009999999999999992,10,16,50,5
25,T,0.0038071255284276876,QLSTM,1,2,0.0009999999999999992,10,16,50,5
25,C,0.005056793383449654,QLSTM,1,2,0.0009999999999999992,10,16,50,5
25,MU,0.006997891024432399,QLSTM,1,2,0.0009999999999999992,10,16,50,5
26,NVDA,0.001777117090320892,QLSTM,1,2,0.0009999999999999992,10,16,50,5
26,DIS,0.0038933078123425894,QLSTM,1,2,0.0009999999999999992,10,16,50,5
26,KO,0.010561778919178654,QLSTM,1,2,0.0009999999999999992,10,16,50,5
26,MO,0.006938948486508293,QLSTM,1,2,0.0009999999999999992,10,16,50,5
26,BABA,0.012035361194813793,QLSTM,1,2,0.0009999999999999992,10,16,50,5
26,MA,0.009043017190627077,QLSTM,1,2,0.0009999999999999992,10,16,50,5
26,V,0.009126047254540026,QLSTM,1,2,0.0009999999999999992,10,16,50,5
26,JPM,0.0052995673401958565,QLSTM,1,2,0.0009999999999999992,10,16,50,5
26,PG,0.009131545878269455,QLSTM,1,2,0.0009999999999999992,10,16,50,5
26,TSM,0.0032433425631924447,QLSTM,1,2,0.0009999999999999992,10,16,50,5
26,META,0.0036553389800246805,QLSTM,1,2,0.0009999999999999992,10,16,50,5
26,TSLA,0.0070789008856412365,QLSTM,1,2,0.0009999999999999992,10,16,50,5
26,MSFT,0.0046014997113326735,QLSTM,1,2,0.0009999999999999992,10,16,50,5
26,AAPL,0.008003913797438145,QLSTM,1,2,0.0009999999999999992,10,16,50,5
26,ABBV,0.008220766406421635,QLSTM,1,2,0.0009999999999999992,10,16,50,5
26,PEP,0.008572043258358131,QLSTM,1,2,0.0009999999999999992,10,16,50,5
26,CRM,0.005469957821663807,QLSTM,1,2,0.0009999999999999992,10,16,50,5
26,PFE,0.0028146516521122644,QLSTM,1,2,0.0009999999999999992,10,16,50,5
26,NFLX,0.003756425391078334,QLSTM,1,2,0.0009999999999999992,10,16,50,5
26,AMD,0.005154225509613752,QLSTM,1,2,0.0009999999999999992,10,16,50,5
26,ABT,0.005086534339087931,QLSTM,1,2,0.0009999999999999992,10,16,50,5
26,PM,0.01000384699595584,QLSTM,1,2,0.0009999999999999992,10,16,50,5
26,BA,0.005401912595103072,QLSTM,1,2,0.0009999999999999992,10,16,50,5
26,NKE,0.004064012017228048,QLSTM,1,2,0.0009999999999999992,10,16,50,5
26,GS,0.009120856612836096,QLSTM,1,2,0.0009999999999999992,10,16,50,5
26,T,0.0038099892672934484,QLSTM,1,2,0.0009999999999999992,10,16,50,5
26,C,0.005006959450177171,QLSTM,1,2,0.0009999999999999992,10,16,50,5
26,MU,0.007024868814782662,QLSTM,1,2,0.0009999999999999992,10,16,50,5
27,NVDA,0.0017938903686378828,QLSTM,1,2,0.0009999999999999992,10,16,50,5
27,DIS,0.0038382318982092493,QLSTM,1,2,0.0009999999999999992,10,16,50,5
27,KO,0.010549439434808764,QLSTM,1,2,0.0009999999999999992,10,16,50,5
27,MO,0.006913477576083757,QLSTM,1,2,0.0009999999999999992,10,16,50,5
27,BABA,0.012213142186572606,QLSTM,1,2,0.0009999999999999992,10,16,50,5
27,MA,0.008970361266454513,QLSTM,1,2,0.0009999999999999992,10,16,50,5
27,V,0.009094528927975758,QLSTM,1,2,0.0009999999999999992,10,16,50,5
27,JPM,0.005304813056930222,QLSTM,1,2,0.0009999999999999992,10,16,50,5
27,PG,0.009022971255366097,QLSTM,1,2,0.0009999999999999992,10,16,50,5
27,TSM,0.0032597713024270806,QLSTM,1,2,0.0009999999999999992,10,16,50,5
27,META,0.0036556587940801614,QLSTM,1,2,0.0009999999999999992,10,16,50,5
27,TSLA,0.007180661539843475,QLSTM,1,2,0.0009999999999999992,10,16,50,5
27,MSFT,0.004634519721466032,QLSTM,1,2,0.0009999999999999992,10,16,50,5
27,AAPL,0.007946841164746067,QLSTM,1,2,0.0009999999999999992,10,16,50,5
27,ABBV,0.008136954169127752,QLSTM,1,2,0.0009999999999999992,10,16,50,5
27,PEP,0.00868904714430259,QLSTM,1,2,0.0009999999999999992,10,16,50,5
27,CRM,0.0054032048316333785,QLSTM,1,2,0.0009999999999999992,10,16,50,5
27,PFE,0.0027635323666882787,QLSTM,1,2,0.0009999999999999992,10,16,50,5
27,NFLX,0.0037525387756018476,QLSTM,1,2,0.0009999999999999992,10,16,50,5
27,AMD,0.005253758090971546,QLSTM,1,2,0.0009999999999999992,10,16,50,5
27,ABT,0.00505219152811068,QLSTM,1,2,0.0009999999999999992,10,16,50,5
27,PM,0.01007604418026114,QLSTM,1,2,0.0009999999999999992,10,16,50,5
27,BA,0.005316843511536717,QLSTM,1,2,0.0009999999999999992,10,16,50,5
27,NKE,0.0040777587458829985,QLSTM,1,2,0.0009999999999999992,10,16,50,5
27,GS,0.00912514407272366,QLSTM,1,2,0.0009999999999999992,10,16,50,5
27,T,0.003858198644593358,QLSTM,1,2,0.0009999999999999992,10,16,50,5
27,C,0.0049948029601099815,QLSTM,1,2,0.0009999999999999992,10,16,50,5
27,MU,0.006981777450577779,QLSTM,1,2,0.0009999999999999992,10,16,50,5
28,NVDA,0.001756667262684046,QLSTM,1,2,0.0009999999999999992,10,16,50,5
28,DIS,0.003851329754318365,QLSTM,1,2,0.0009999999999999992,10,16,50,5
28,KO,0.010600344748871232,QLSTM,1,2,0.0009999999999999992,10,16,50,5
28,MO,0.007185450797392564,QLSTM,1,2,0.0009999999999999992,10,16,50,5
28,BABA,0.011966874590143561,QLSTM,1,2,0.0009999999999999992,10,16,50,5
28,MA,0.009058336896652525,QLSTM,1,2,0.0009999999999999992,10,16,50,5
28,V,0.009071218622425064,QLSTM,1,2,0.0009999999999999992,10,16,50,5
28,JPM,0.0052180941301313314,QLSTM,1,2,0.0009999999999999992,10,16,50,5
28,PG,0.009304083968428049,QLSTM,1,2,0.0009999999999999992,10,16,50,5
28,TSM,0.003271619963925332,QLSTM,1,2,0.0009999999999999992,10,16,50,5
28,META,0.0036331082942937924,QLSTM,1,2,0.0009999999999999992,10,16,50,5
28,TSLA,0.007006008119788021,QLSTM,1,2,0.0009999999999999992,10,16,50,5
28,MSFT,0.004607255385384302,QLSTM,1,2,0.0009999999999999992,10,16,50,5
28,AAPL,0.007993681451559743,QLSTM,1,2,0.0009999999999999992,10,16,50,5
28,ABBV,0.008101896456950768,QLSTM,1,2,0.0009999999999999992,10,16,50,5
28,PEP,0.008484607202593576,QLSTM,1,2,0.0009999999999999992,10,16,50,5
28,CRM,0.005424615715376355,QLSTM,1,2,0.0009999999999999992,10,16,50,5
28,PFE,0.0027794028653509236,QLSTM,1,2,0.0009999999999999992,10,16,50,5
28,NFLX,0.0037246817162006414,QLSTM,1,2,0.0009999999999999992,10,16,50,5
28,AMD,0.005219152334823527,QLSTM,1,2,0.0009999999999999992,10,16,50,5
28,ABT,0.005048938391899521,QLSTM,1,2,0.0009999999999999992,10,16,50,5
28,PM,0.010327457111667503,QLSTM,1,2,0.0009999999999999992,10,16,50,5
28,BA,0.005377831180918623,QLSTM,1,2,0.0009999999999999992,10,16,50,5
28,NKE,0.0040420590614138,QLSTM,1,2,0.0009999999999999992,10,16,50,5
28,GS,0.009077896491031755,QLSTM,1,2,0.0009999999999999992,10,16,50,5
28,T,0.0038120314473582603,QLSTM,1,2,0.0009999999999999992,10,16,50,5
28,C,0.005129343628968028,QLSTM,1,2,0.0009999999999999992,10,16,50,5
28,MU,0.00700187469324605,QLSTM,1,2,0.0009999999999999992,10,16,50,5
29,NVDA,0.0017658885573671962,QLSTM,1,2,0.0009999999999999992,10,16,50,5
29,DIS,0.0038549522234296255,QLSTM,1,2,0.0009999999999999992,10,16,50,5
29,KO,0.01053448987659067,QLSTM,1,2,0.0009999999999999992,10,16,50,5
29,MO,0.006839020495218309,QLSTM,1,2,0.0009999999999999992,10,16,50,5
29,BABA,0.0118842929686335,QLSTM,1,2,0.0009999999999999992,10,16,50,5
29,MA,0.008945949015800248,QLSTM,1,2,0.0009999999999999992,10,16,50,5
29,V,0.008982514962553978,QLSTM,1,2,0.0009999999999999992,10,16,50,5
29,JPM,0.0052811634112996135,QLSTM,1,2,0.0009999999999999992,10,16,50,5
29,PG,0.009084942591884597,QLSTM,1,2,0.0009999999999999992,10,16,50,5
29,TSM,0.0032430800228295,QLSTM,1,2,0.0009999999999999992,10,16,50,5
29,META,0.0036378496628127655,QLSTM,1,2,0.0009999999999999992,10,16,50,5
29,TSLA,0.007050317008344626,QLSTM,1,2,0.0009999999999999992,10,16,50,5
29,MSFT,0.004602340251122686,QLSTM,1,2,0.0009999999999999992,10,16,50,5
29,AAPL,0.00787410931661725,QLSTM,1,2,0.0009999999999999992,10,16,50,5
29,ABBV,0.008064717012034222,QLSTM,1,2,0.0009999999999999992,10,16,50,5
29,PEP,0.008469770768318664,QLSTM,1,2,0.0009999999999999992,10,16,50,5
29,CRM,0.005343463240106675,QLSTM,1,2,0.0009999999999999992,10,16,50,5
29,PFE,0.002769847675649957,QLSTM,1,2,0.0009999999999999992,10,16,50,5
29,NFLX,0.0037391605966893785,QLSTM,1,2,0.0009999999999999992,10,16,50,5
29,AMD,0.0051731713200834665,QLSTM,1,2,0.0009999999999999992,10,16,50,5
29,ABT,0.005066668736452068,QLSTM,1,2,0.0009999999999999992,10,16,50,5
29,PM,0.010277352380481634,QLSTM,1,2,0.0009999999999999992,10,16,50,5
29,BA,0.0053141570269045505,QLSTM,1,2,0.0009999999999999992,10,16,50,5
29,NKE,0.0040893612868702885,QLSTM,1,2,0.0009999999999999992,10,16,50,5
29,GS,0.009081125576895747,QLSTM,1,2,0.0009999999999999992,10,16,50,5
29,T,0.0043547727241688835,QLSTM,1,2,0.0009999999999999992,10,16,50,5
29,C,0.005121409755454145,QLSTM,1,2,0.0009999999999999992,10,16,50,5
29,MU,0.006982599744911899,QLSTM,1,2,0.0009999999999999992,10,16,50,5
30,NVDA,0.0017578824984163723,QLSTM,1,2,0.0009999999999999992,10,16,50,5
30,DIS,0.0038776630800302055,QLSTM,1,2,0.0009999999999999992,10,16,50,5
30,KO,0.010488931629383429,QLSTM,1,2,0.0009999999999999992,10,16,50,5
30,MO,0.006955517879263921,QLSTM,1,2,0.0009999999999999992,10,16,50,5
30,BABA,0.01195136616429822,QLSTM,1,2,0.0009999999999999992,10,16,50,5
30,MA,0.009185298621146516,QLSTM,1,2,0.0009999999999999992,10,16,50,5
30,V,0.00902997729876502,QLSTM,1,2,0.0009999999999999992,10,16,50,5
30,JPM,0.005384607864967124,QLSTM,1,2,0.0009999999999999992,10,16,50,5
30,PG,0.009464696589434012,QLSTM,1,2,0.0009999999999999992,10,16,50,5
30,TSM,0.003265624992888082,QLSTM,1,2,0.0009999999999999992,10,16,50,5
30,META,0.0036641430845272475,QLSTM,1,2,0.0009999999999999992,10,16,50,5
30,TSLA,0.007017112157138234,QLSTM,1,2,0.0009999999999999992,10,16,50,5
30,MSFT,0.004740206408314407,QLSTM,1,2,0.0009999999999999992,10,16,50,5
30,AAPL,0.007911783240904862,QLSTM,1,2,0.0009999999999999992,10,16,50,5
30,ABBV,0.00811343207235702,QLSTM,1,2,0.0009999999999999992,10,16,50,5
30,PEP,0.008607613621279597,QLSTM,1,2,0.0009999999999999992,10,16,50,5
30,CRM,0.005423470908267932,QLSTM,1,2,0.0009999999999999992,10,16,50,5
30,PFE,0.0028504730011759834,QLSTM,1,2,0.0009999999999999992,10,16,50,5
30,NFLX,0.0037216055841947145,QLSTM,1,2,0.0009999999999999992,10,16,50,5
30,AMD,0.005154676449654455,QLSTM,1,2,0.0009999999999999992,10,16,50,5
30,ABT,0.005125210588713261,QLSTM,1,2,0.0009999999999999992,10,16,50,5
30,PM,0.010127961318093267,QLSTM,1,2,0.0009999999999999992,10,16,50,5
30,BA,0.0053338023241270675,QLSTM,1,2,0.0009999999999999992,10,16,50,5
30,NKE,0.004030984667637808,QLSTM,1,2,0.0009999999999999992,10,16,50,5
30,GS,0.009151243467137894,QLSTM,1,2,0.0009999999999999992,10,16,50,5
30,T,0.003804120706097985,QLSTM,1,2,0.0009999999999999992,10,16,50,5
30,C,0.0050105423433706164,QLSTM,1,2,0.0009999999999999992,10,16,50,5
30,MU,0.00697852082719857,QLSTM,1,2,0.0009999999999999992,10,16,50,5
31,NVDA,0.0017666342451279475,QLSTM,1,2,0.0009999999999999992,10,16,50,5
31,DIS,0.0038449148732152853,QLSTM,1,2,0.0009999999999999992,10,16,50,5
31,KO,0.01051972542931749,QLSTM,1,2,0.0009999999999999992,10,16,50,5
31,MO,0.006861121917609125,QLSTM,1,2,0.0009999999999999992,10,16,50,5
31,BABA,0.011991252381862565,QLSTM,1,2,0.0009999999999999992,10,16,50,5
31,MA,0.009099953098815273,QLSTM,1,2,0.0009999999999999992,10,16,50,5
31,V,0.009205852296542038,QLSTM,1,2,0.0009999999999999992,10,16,50,5
31,JPM,0.005224409523758699,QLSTM,1,2,0.0009999999999999992,10,16,50,5
31,PG,0.009062014329670505,QLSTM,1,2,0.0009999999999999992,10,16,50,5
31,TSM,0.0032599281350320034,QLSTM,1,2,0.0009999999999999992,10,16,50,5
31,META,0.003634187736844813,QLSTM,1,2,0.0009999999999999992,10,16,50,5
31,TSLA,0.00704037597593428,QLSTM,1,2,0.0009999999999999992,10,16,50,5
31,MSFT,0.0046277631878514185,QLSTM,1,2,0.0009999999999999992,10,16,50,5
31,AAPL,0.007875425201332704,QLSTM,1,2,0.0009999999999999992,10,16,50,5
31,ABBV,0.008081110723486001,QLSTM,1,2,0.0009999999999999992,10,16,50,5
31,PEP,0.008505086552097717,QLSTM,1,2,0.0009999999999999992,10,16,50,5
31,CRM,0.005335468851791864,QLSTM,1,2,0.0009999999999999992,10,16,50,5
31,PFE,0.002815324273383753,QLSTM,1,2,0.0009999999999999992,10,16,50,5
31,NFLX,0.0037136316161856735,QLSTM,1,2,0.0009999999999999992,10,16,50,5
31,AMD,0.00519656725439497,QLSTM,1,2,0.0009999999999999992,10,16,50,5
31,ABT,0.005082646300169555,QLSTM,1,2,0.0009999999999999992,10,16,50,5
31,PM,0.010167139762250537,QLSTM,1,2,0.0009999999999999992,10,16,50,5
31,BA,0.005340840143617243,QLSTM,1,2,0.0009999999999999992,10,16,50,5
31,NKE,0.004086263488385488,QLSTM,1,2,0.0009999999999999992,10,16,50,5
31,GS,0.009158363671634685,QLSTM,1,2,0.0009999999999999992,10,16,50,5
31,T,0.003833203118781305,QLSTM,1,2,0.0009999999999999992,10,16,50,5
31,C,0.005206427462822335,QLSTM,1,2,0.0009999999999999992,10,16,50,5
31,MU,0.0070168639067560434,QLSTM,1,2,0.0009999999999999992,10,16,50,5
32,NVDA,0.0017577395933172243,QLSTM,1,2,0.0009999999999999992,10,16,50,5
32,DIS,0.003851457790005952,QLSTM,1,2,0.0009999999999999992,10,16,50,5
32,KO,0.010513387641615489,QLSTM,1,2,0.0009999999999999992,10,16,50,5
32,MO,0.006851532009684227,QLSTM,1,2,0.0009999999999999992,10,16,50,5
32,BABA,0.012018525867130269,QLSTM,1,2,0.0009999999999999992,10,16,50,5
32,MA,0.00892565612130883,QLSTM,1,2,0.0009999999999999992,10,16,50,5
32,V,0.008995100432498888,QLSTM,1,2,0.0009999999999999992,10,16,50,5
32,JPM,0.0052739580331200905,QLSTM,1,2,0.0009999999999999992,10,16,50,5
32,PG,0.009160487933761695,QLSTM,1,2,0.0009999999999999992,10,16,50,5
32,TSM,0.0032898157263513317,QLSTM,1,2,0.0009999999999999992,10,16,50,5
32,META,0.0036544094063256953,QLSTM,1,2,0.0009999999999999992,10,16,50,5
32,TSLA,0.007035381943834099,QLSTM,1,2,0.0009999999999999992,10,16,50,5
32,MSFT,0.004612329056147824,QLSTM,1,2,0.0009999999999999992,10,16,50,5
32,AAPL,0.007943894565952096,QLSTM,1,2,0.0009999999999999992,10,16,50,5
32,ABBV,0.008288340314968744,QLSTM,1,2,0.0009999999999999992,10,16,50,5
32,PEP,0.00857525952795351,QLSTM,1,2,0.0009999999999999992,10,16,50,5
32,CRM,0.005429595740596679,QLSTM,1,2,0.0009999999999999992,10,16,50,5
32,PFE,0.002761135549834845,QLSTM,1,2,0.0009999999999999992,10,16,50,5
32,NFLX,0.003766785084735602,QLSTM,1,2,0.0009999999999999992,10,16,50,5
32,AMD,0.005162194344765422,QLSTM,1,2,0.0009999999999999992,10,16,50,5
32,ABT,0.005078156087124212,QLSTM,1,2,0.0009999999999999992,10,16,50,5
32,PM,0.01004061934707517,QLSTM,1,2,0.0009999999999999992,10,16,50,5
32,BA,0.005350928563116627,QLSTM,1,2,0.0009999999999999992,10,16,50,5
32,NKE,0.004093797723974355,QLSTM,1,2,0.0009999999999999992,10,16,50,5
32,GS,0.009016349022700028,QLSTM,1,2,0.0009999999999999992,10,16,50,5
32,T,0.0038219603064300663,QLSTM,1,2,0.0009999999999999992,10,16,50,5
32,C,0.00501662299608473,QLSTM,1,2,0.0009999999999999992,10,16,50,5
32,MU,0.006995121451010081,QLSTM,1,2,0.0009999999999999992,10,16,50,5
33,NVDA,0.0017655507518528875,QLSTM,1,2,0.0009999999999999992,10,16,50,5
33,DIS,0.003836637384004214,QLSTM,1,2,0.0009999999999999992,10,16,50,5
33,KO,0.01051723330535672,QLSTM,1,2,0.0009999999999999992,10,16,50,5
33,MO,0.006861517555080354,QLSTM,1,2,0.0009999999999999992,10,16,50,5
33,BABA,0.012069119743748823,QLSTM,1,2,0.0009999999999999992,10,16,50,5
33,MA,0.009019061806611717,QLSTM,1,2,0.0009999999999999992,10,16,50,5
33,V,0.009210376598110253,QLSTM,1,2,0.0009999999999999992,10,16,50,5
33,JPM,0.005299635226203298,QLSTM,1,2,0.0009999999999999992,10,16,50,5
33,PG,0.009104025846516544,QLSTM,1,2,0.0009999999999999992,10,16,50,5
33,TSM,0.0032753152640494095,QLSTM,1,2,0.0009999999999999992,10,16,50,5
33,META,0.003648871010889045,QLSTM,1,2,0.0009999999999999992,10,16,50,5
33,TSLA,0.007022304066181691,QLSTM,1,2,0.0009999999999999992,10,16,50,5
33,MSFT,0.004632848759435795,QLSTM,1,2,0.0009999999999999992,10,16,50,5
33,AAPL,0.00800206686835736,QLSTM,1,2,0.0009999999999999992,10,16,50,5
33,ABBV,0.008205297900448468,QLSTM,1,2,0.0009999999999999992,10,16,50,5
33,PEP,0.00850582621271976,QLSTM,1,2,0.0009999999999999992,10,16,50,5
33,CRM,0.005361380203711716,QLSTM,1,2,0.0009999999999999992,10,16,50,5
33,PFE,0.0028482572524808347,QLSTM,1,2,0.0009999999999999992,10,16,50,5
33,NFLX,0.0037507745490240104,QLSTM,1,2,0.0009999999999999992,10,16,50,5
33,AMD,0.00522885232931003,QLSTM,1,2,0.0009999999999999992,10,16,50,5
33,ABT,0.005186500091275031,QLSTM,1,2,0.0009999999999999992,10,16,50,5
33,PM,0.009947403482246127,QLSTM,1,2,0.0009999999999999992,10,16,50,5
33,BA,0.005324582653966817,QLSTM,1,2,0.0009999999999999992,10,16,50,5
33,NKE,0.004068128590006381,QLSTM,1,2,0.0009999999999999992,10,16,50,5
33,GS,0.009047827503474598,QLSTM,1,2,0.0009999999999999992,10,16,50,5
33,T,0.003837039495754818,QLSTM,1,2,0.0009999999999999992,10,16,50,5
33,C,0.005001997490498153,QLSTM,1,2,0.0009999999999999992,10,16,50,5
33,MU,0.007018464934927496,QLSTM,1,2,0.0009999999999999992,10,16,50,5
34,NVDA,0.0017741277009587395,QLSTM,1,2,0.0009999999999999992,10,16,50,5
34,DIS,0.003854899466122416,QLSTM,1,2,0.0009999999999999992,10,16,50,5
34,KO,0.0105932676021687,QLSTM,1,2,0.0009999999999999992,10,16,50,5
34,MO,0.006920100009830838,QLSTM,1,2,0.0009999999999999992,10,16,50,5
34,BABA,0.012007633435793898,QLSTM,1,2,0.0009999999999999992,10,16,50,5
34,MA,0.009047421044670045,QLSTM,1,2,0.0009999999999999992,10,16,50,5
34,V,0.00908851198090071,QLSTM,1,2,0.0009999999999999992,10,16,50,5
34,JPM,0.005417561423118142,QLSTM,1,2,0.0009999999999999992,10,16,50,5
34,PG,0.009376546886580234,QLSTM,1,2,0.0009999999999999992,10,16,50,5
34,TSM,0.003247063845099712,QLSTM,1,2,0.0009999999999999992,10,16,50,5
34,META,0.00363029871633361,QLSTM,1,2,0.0009999999999999992,10,16,50,5
34,TSLA,0.0070221238684925165,QLSTM,1,2,0.0009999999999999992,10,16,50,5
34,MSFT,0.004620250690178099,QLSTM,1,2,0.0009999999999999992,10,16,50,5
34,AAPL,0.007829787982204421,QLSTM,1,2,0.0009999999999999992,10,16,50,5
34,ABBV,0.008024319688874211,QLSTM,1,2,0.0009999999999999992,10,16,50,5
34,PEP,0.008887539025057446,QLSTM,1,2,0.0009999999999999992,10,16,50,5
34,CRM,0.005358833872543817,QLSTM,1,2,0.0009999999999999992,10,16,50,5
34,PFE,0.0028073609891262922,QLSTM,1,2,0.0009999999999999992,10,16,50,5
34,NFLX,0.003745951933193613,QLSTM,1,2,0.0009999999999999992,10,16,50,5
34,AMD,0.0051845221949571915,QLSTM,1,2,0.0009999999999999992,10,16,50,5
34,ABT,0.005117745763114231,QLSTM,1,2,0.0009999999999999992,10,16,50,5
34,PM,0.010037197181108322,QLSTM,1,2,0.0009999999999999992,10,16,50,5
34,BA,0.0053620846116576686,QLSTM,1,2,0.0009999999999999992,10,16,50,5
34,NKE,0.004100882300091061,QLSTM,1,2,0.0009999999999999992,10,16,50,5
34,GS,0.009116947777907957,QLSTM,1,2,0.0009999999999999992,10,16,50,5
34,T,0.0038904934587084094,QLSTM,1,2,0.0009999999999999992,10,16,50,5
34,C,0.005009442004269327,QLSTM,1,2,0.0009999999999999992,10,16,50,5
34,MU,0.006967291786250743,QLSTM,1,2,0.0009999999999999992,10,16,50,5
35,NVDA,0.001767018111422658,QLSTM,1,2,0.0009999999999999992,10,16,50,5
35,DIS,0.0038462538610805164,QLSTM,1,2,0.0009999999999999992,10,16,50,5
35,KO,0.01049368386156857,QLSTM,1,2,0.0009999999999999992,10,16,50,5
35,MO,0.006828281472818079,QLSTM,1,2,0.0009999999999999992,10,16,50,5
35,BABA,0.01203103920190849,QLSTM,1,2,0.0009999999999999992,10,16,50,5
35,MA,0.009011132864874195,QLSTM,1,2,0.0009999999999999992,10,16,50,5
35,V,0.009076283334500411,QLSTM,1,2,0.0009999999999999992,10,16,50,5
35,JPM,0.005363067432137375,QLSTM,1,2,0.0009999999999999992,10,16,50,5
35,PG,0.009103197339837525,QLSTM,1,2,0.0009999999999999992,10,16,50,5
35,TSM,0.0032639109836467965,QLSTM,1,2,0.0009999999999999992,10,16,50,5
35,META,0.0036334887422113256,QLSTM,1,2,0.0009999999999999992,10,16,50,5
35,TSLA,0.007120471738744527,QLSTM,1,2,0.0009999999999999992,10,16,50,5
35,MSFT,0.004592767556790601,QLSTM,1,2,0.0009999999999999992,10,16,50,5
35,AAPL,0.007894425240175968,QLSTM,1,2,0.0009999999999999992,10,16,50,5
35,ABBV,0.008012633823620325,QLSTM,1,2,0.0009999999999999992,10,16,50,5
35,PEP,0.00860976025631482,QLSTM,1,2,0.0009999999999999992,10,16,50,5
35,CRM,0.005444097872400148,QLSTM,1,2,0.0009999999999999992,10,16,50,5
35,PFE,0.0028285642091015525,QLSTM,1,2,0.0009999999999999992,10,16,50,5
35,NFLX,0.0037428316480310805,QLSTM,1,2,0.0009999999999999992,10,16,50,5
35,AMD,0.0051531708820469,QLSTM,1,2,0.0009999999999999992,10,16,50,5
35,ABT,0.005078752652149309,QLSTM,1,2,0.0009999999999999992,10,16,50,5
35,PM,0.010107267065905035,QLSTM,1,2,0.0009999999999999992,10,16,50,5
35,BA,0.005363788159394806,QLSTM,1,2,0.0009999999999999992,10,16,50,5
35,NKE,0.00403799390187487,QLSTM,1,2,0.0009999999999999992,10,16,50,5
35,GS,0.009069069860164414,QLSTM,1,2,0.0009999999999999992,10,16,50,5
35,T,0.003850848943164403,QLSTM,1,2,0.0009999999999999992,10,16,50,5
35,C,0.005074765893038024,QLSTM,1,2,0.0009999999999999992,10,16,50,5
35,MU,0.007021224401383238,QLSTM,1,2,0.0009999999999999992,10,16,50,5
36,NVDA,0.0017696003514257345,QLSTM,1,2,0.0009999999999999992,10,16,50,5
36,DIS,0.0039072873081419275,QLSTM,1,2,0.0009999999999999992,10,16,50,5
36,KO,0.010674899549816142,QLSTM,1,2,0.0009999999999999992,10,16,50,5
36,MO,0.00687677069270814,QLSTM,1,2,0.0009999999999999992,10,16,50,5
36,BABA,0.012133545020002533,QLSTM,1,2,0.0009999999999999992,10,16,50,5
36,MA,0.009012643681754444,QLSTM,1,2,0.0009999999999999992,10,16,50,5
36,V,0.009061028524725274,QLSTM,1,2,0.0009999999999999992,10,16,50,5
36,JPM,0.0052946324417875576,QLSTM,1,2,0.0009999999999999992,10,16,50,5
36,PG,0.0091219253372401,QLSTM,1,2,0.0009999999999999992,10,16,50,5
36,TSM,0.0032701133432882752,QLSTM,1,2,0.0009999999999999992,10,16,50,5
36,META,0.0036443387137048626,QLSTM,1,2,0.0009999999999999992,10,16,50,5
36,TSLA,0.007012965819078751,QLSTM,1,2,0.0009999999999999992,10,16,50,5
36,MSFT,0.00457840912382711,QLSTM,1,2,0.0009999999999999992,10,16,50,5
36,AAPL,0.008023585044694219,QLSTM,1,2,0.0009999999999999992,10,16,50,5
36,ABBV,0.00804783014411276,QLSTM,1,2,0.0009999999999999992,10,16,50,5
36,PEP,0.008627547035840425,QLSTM,1,2,0.0009999999999999992,10,16,50,5
36,CRM,0.005360433588397096,QLSTM,1,2,0.0009999999999999992,10,16,50,5
36,PFE,0.0028447402133183045,QLSTM,1,2,0.0009999999999999992,10,16,50,5
36,NFLX,0.0037470888954968277,QLSTM,1,2,0.0009999999999999992,10,16,50,5
36,AMD,0.005167007874909111,QLSTM,1,2,0.0009999999999999992,10,16,50,5
36,ABT,0.005048020827499303,QLSTM,1,2,0.0009999999999999992,10,16,50,5
36,PM,0.0099675363691693,QLSTM,1,2,0.0009999999999999992,10,16,50,5
36,BA,0.005322615870020606,QLSTM,1,2,0.0009999999999999992,10,16,50,5
36,NKE,0.004068274371093139,QLSTM,1,2,0.0009999999999999992,10,16,50,5
36,GS,0.009216841458427634,QLSTM,1,2,0.0009999999999999992,10,16,50,5
36,T,0.0038639904444359922,QLSTM,1,2,0.0009999999999999992,10,16,50,5
36,C,0.005151451554742049,QLSTM,1,2,0.0009999999999999992,10,16,50,5
36,MU,0.007046417121521451,QLSTM,1,2,0.0009999999999999992,10,16,50,5
37,NVDA,0.001791038169440898,QLSTM,1,2,0.0009999999999999992,10,16,50,5
37,DIS,0.0038824854789047754,QLSTM,1,2,0.0009999999999999992,10,16,50,5
37,KO,0.010601749051023613,QLSTM,1,2,0.0009999999999999992,10,16,50,5
37,MO,0.006994469451125373,QLSTM,1,2,0.0009999999999999992,10,16,50,5
37,BABA,0.012118364768949423,QLSTM,1,2,0.0009999999999999992,10,16,50,5
37,MA,0.008974893484264612,QLSTM,1,2,0.0009999999999999992,10,16,50,5
37,V,0.009106602212837473,QLSTM,1,2,0.0009999999999999992,10,16,50,5
37,JPM,0.005323421686295082,QLSTM,1,2,0.0009999999999999992,10,16,50,5
37,PG,0.009125980823724107,QLSTM,1,2,0.0009999999999999992,10,16,50,5
37,TSM,0.0032763103107837114,QLSTM,1,2,0.0009999999999999992,10,16,50,5
37,META,0.0037302971838719464,QLSTM,1,2,0.0009999999999999992,10,16,50,5
37,TSLA,0.007003547046968544,QLSTM,1,2,0.0009999999999999992,10,16,50,5
37,MSFT,0.00461519943994724,QLSTM,1,2,0.0009999999999999992,10,16,50,5
37,AAPL,0.007904818514361978,QLSTM,1,2,0.0009999999999999992,10,16,50,5
37,ABBV,0.00828735477460379,QLSTM,1,2,0.0009999999999999992,10,16,50,5
37,PEP,0.008524746464734728,QLSTM,1,2,0.0009999999999999992,10,16,50,5
37,CRM,0.005349024532320486,QLSTM,1,2,0.0009999999999999992,10,16,50,5
37,PFE,0.0027803340503437953,QLSTM,1,2,0.0009999999999999992,10,16,50,5
37,NFLX,0.0037608345261436293,QLSTM,1,2,0.0009999999999999992,10,16,50,5
37,AMD,0.005106488972986964,QLSTM,1,2,0.0009999999999999992,10,16,50,5
37,ABT,0.005077242819507691,QLSTM,1,2,0.0009999999999999992,10,16,50,5
37,PM,0.010202366541224446,QLSTM,1,2,0.0009999999999999992,10,16,50,5
37,BA,0.00537861738121137,QLSTM,1,2,0.0009999999999999992,10,16,50,5
37,NKE,0.004096104472409934,QLSTM,1,2,0.0009999999999999992,10,16,50,5
37,GS,0.009067627897655422,QLSTM,1,2,0.0009999999999999992,10,16,50,5
37,T,0.003813433180436153,QLSTM,1,2,0.0009999999999999992,10,16,50,5
37,C,0.005042631401341747,QLSTM,1,2,0.0009999999999999992,10,16,50,5
37,MU,0.007014040496538986,QLSTM,1,2,0.0009999999999999992,10,16,50,5
38,NVDA,0.0017758221127389168,QLSTM,1,2,0.0009999999999999992,10,16,50,5
38,DIS,0.00385594938416034,QLSTM,1,2,0.0009999999999999992,10,16,50,5
38,KO,0.010516171576455235,QLSTM,1,2,0.0009999999999999992,10,16,50,5
38,MO,0.006883739604911005,QLSTM,1,2,0.0009999999999999992,10,16,50,5
38,BABA,0.012034454615786672,QLSTM,1,2,0.0009999999999999992,10,16,50,5
38,MA,0.00898040517825972,QLSTM,1,2,0.0009999999999999992,10,16,50,5
38,V,0.00902883520095863,QLSTM,1,2,0.0009999999999999992,10,16,50,5
38,JPM,0.005245913254012438,QLSTM,1,2,0.0009999999999999992,10,16,50,5
38,PG,0.009119067013009706,QLSTM,1,2,0.0009999999999999992,10,16,50,5
38,TSM,0.003263025285295126,QLSTM,1,2,0.0009999999999999992,10,16,50,5
38,META,0.003636553745970807,QLSTM,1,2,0.0009999999999999992,10,16,50,5
38,TSLA,0.0070498322126116945,QLSTM,1,2,0.0009999999999999992,10,16,50,5
38,MSFT,0.004590270733884113,QLSTM,1,2,0.0009999999999999992,10,16,50,5
38,AAPL,0.007872032403776591,QLSTM,1,2,0.0009999999999999992,10,16,50,5
38,ABBV,0.008085342970761385,QLSTM,1,2,0.0009999999999999992,10,16,50,5
38,PEP,0.008473007177764719,QLSTM,1,2,0.0009999999999999992,10,16,50,5
38,CRM,0.005380755533802916,QLSTM,1,2,0.0009999999999999992,10,16,50,5
38,PFE,0.0027824577515606175,QLSTM,1,2,0.0009999999999999992,10,16,50,5
38,NFLX,0.0037421912896785548,QLSTM,1,2,0.0009999999999999992,10,16,50,5
38,AMD,0.005203224856152453,QLSTM,1,2,0.0009999999999999992,10,16,50,5
38,ABT,0.005074744594325734,QLSTM,1,2,0.0009999999999999992,10,16,50,5
38,PM,0.009977092024531554,QLSTM,1,2,0.0009999999999999992,10,16,50,5
38,BA,0.005341824842616916,QLSTM,1,2,0.0009999999999999992,10,16,50,5
38,NKE,0.004033534467453137,QLSTM,1,2,0.0009999999999999992,10,16,50,5
38,GS,0.009073884448629211,QLSTM,1,2,0.0009999999999999992,10,16,50,5
38,T,0.003952377187405628,QLSTM,1,2,0.0009999999999999992,10,16,50,5
38,C,0.004977717926852743,QLSTM,1,2,0.0009999999999999992,10,16,50,5
38,MU,0.007086991343054582,QLSTM,1,2,0.0009999999999999992,10,16,50,5
39,NVDA,0.0017633944411169398,QLSTM,1,2,0.0009999999999999992,10,16,50,5
39,DIS,0.003872729229359803,QLSTM,1,2,0.0009999999999999992,10,16,50,5
39,KO,0.01063000058374283,QLSTM,1,2,0.0009999999999999992,10,16,50,5
39,MO,0.006868069240061397,QLSTM,1,2,0.0009999999999999992,10,16,50,5
39,BABA,0.012088282859291543,QLSTM,1,2,0.0009999999999999992,10,16,50,5
39,MA,0.00894834468437528,QLSTM,1,2,0.0009999999999999992,10,16,50,5
39,V,0.009098758116703142,QLSTM,1,2,0.0009999999999999992,10,16,50,5
39,JPM,0.005253093751062724,QLSTM,1,2,0.0009999999999999992,10,16,50,5
39,PG,0.009216569850898602,QLSTM,1,2,0.0009999999999999992,10,16,50,5
39,TSM,0.0032888361866670575,QLSTM,1,2,0.0009999999999999992,10,16,50,5
39,META,0.003649302374635061,QLSTM,1,2,0.0009999999999999992,10,16,50,5
39,TSLA,0.007026078444058922,QLSTM,1,2,0.0009999999999999992,10,16,50,5
39,MSFT,0.004590241952841593,QLSTM,1,2,0.0009999999999999992,10,16,50,5
39,AAPL,0.007834374211432243,QLSTM,1,2,0.0009999999999999992,10,16,50,5
39,ABBV,0.008100308096882973,QLSTM,1,2,0.0009999999999999992,10,16,50,5
39,PEP,0.008602857515639202,QLSTM,1,2,0.0009999999999999992,10,16,50,5
39,CRM,0.005334080440330912,QLSTM,1,2,0.0009999999999999992,10,16,50,5
39,PFE,0.0027550756243396213,QLSTM,1,2,0.0009999999999999992,10,16,50,5
39,NFLX,0.0037192181017334488,QLSTM,1,2,0.0009999999999999992,10,16,50,5
39,AMD,0.0051895411081866105,QLSTM,1,2,0.0009999999999999992,10,16,50,5
39,ABT,0.005080387313765558,QLSTM,1,2,0.0009999999999999992,10,16,50,5
39,PM,0.010001707123592496,QLSTM,1,2,0.0009999999999999992,10,16,50,5
39,BA,0.005351564899848943,QLSTM,1,2,0.0009999999999999992,10,16,50,5
39,NKE,0.004068508765406229,QLSTM,1,2,0.0009999999999999992,10,16,50,5
39,GS,0.00909404978367754,QLSTM,1,2,0.0009999999999999992,10,16,50,5
39,T,0.003809871077960865,QLSTM,1,2,0.0009999999999999992,10,16,50,5
39,C,0.005139123648405075,QLSTM,1,2,0.0009999999999999992,10,16,50,5
39,MU,0.006959128415804695,QLSTM,1,2,0.0009999999999999992,10,16,50,5
40,NVDA,0.0017532967639536682,QLSTM,1,2,0.0009999999999999992,10,16,50,5
40,DIS,0.0038711309686980462,QLSTM,1,2,0.0009999999999999992,10,16,50,5
40,KO,0.010557389204305682,QLSTM,1,2,0.0009999999999999992,10,16,50,5
40,MO,0.006861987195655026,QLSTM,1,2,0.0009999999999999992,10,16,50,5
40,BABA,0.012010044481774623,QLSTM,1,2,0.0009999999999999992,10,16,50,5
40,MA,0.009083237001587722,QLSTM,1,2,0.0009999999999999992,10,16,50,5
40,V,0.009130176749419083,QLSTM,1,2,0.0009999999999999992,10,16,50,5
40,JPM,0.005302499619905244,QLSTM,1,2,0.0009999999999999992,10,16,50,5
40,PG,0.009018171822059561,QLSTM,1,2,0.0009999999999999992,10,16,50,5
40,TSM,0.0032307586727917874,QLSTM,1,2,0.0009999999999999992,10,16,50,5
40,META,0.003738152924184264,QLSTM,1,2,0.0009999999999999992,10,16,50,5
40,TSLA,0.008553259968969294,QLSTM,1,2,0.0009999999999999992,10,16,50,5
40,MSFT,0.004624700300734152,QLSTM,1,2,0.0009999999999999992,10,16,50,5
40,AAPL,0.00786950778935782,QLSTM,1,2,0.0009999999999999992,10,16,50,5
40,ABBV,0.008125417818188329,QLSTM,1,2,0.0009999999999999992,10,16,50,5
40,PEP,0.008515634245916524,QLSTM,1,2,0.0009999999999999992,10,16,50,5
40,CRM,0.005440521202134815,QLSTM,1,2,0.0009999999999999992,10,16,50,5
40,PFE,0.002778571337165142,QLSTM,1,2,0.0009999999999999992,10,16,50,5
40,NFLX,0.003711165992585434,QLSTM,1,2,0.0009999999999999992,10,16,50,5
40,AMD,0.005144553661177104,QLSTM,1,2,0.0009999999999999992,10,16,50,5
40,ABT,0.005086713205938312,QLSTM,1,2,0.0009999999999999992,10,16,50,5
40,PM,0.009956253449093889,QLSTM,1,2,0.0009999999999999992,10,16,50,5
40,BA,0.0053517920473082495,QLSTM,1,2,0.0009999999999999992,10,16,50,5
40,NKE,0.004071804816538299,QLSTM,1,2,0.0009999999999999992,10,16,50,5
40,GS,0.009021541209552775,QLSTM,1,2,0.0009999999999999992,10,16,50,5
40,T,0.0038274919974025,QLSTM,1,2,0.0009999999999999992,10,16,50,5
40,C,0.005224709356711669,QLSTM,1,2,0.0009999999999999992,10,16,50,5
40,MU,0.006963590244677934,QLSTM,1,2,0.0009999999999999992,10,16,50,5
41,NVDA,0.0017723396251147444,QLSTM,1,2,0.0009999999999999992,10,16,50,5
41,DIS,0.0038320668179287827,QLSTM,1,2,0.0009999999999999992,10,16,50,5
41,KO,0.010680701213211498,QLSTM,1,2,0.0009999999999999992,10,16,50,5
41,MO,0.006872324040159583,QLSTM,1,2,0.0009999999999999992,10,16,50,5
41,BABA,0.011968539921905507,QLSTM,1,2,0.0009999999999999992,10,16,50,5
41,MA,0.009028764039447362,QLSTM,1,2,0.0009999999999999992,10,16,50,5
41,V,0.009497958754019981,QLSTM,1,2,0.0009999999999999992,10,16,50,5
41,JPM,0.005283954214643349,QLSTM,1,2,0.0009999999999999992,10,16,50,5
41,PG,0.009095019597390836,QLSTM,1,2,0.0009999999999999992,10,16,50,5
41,TSM,0.003279690503735434,QLSTM,1,2,0.0009999999999999992,10,16,50,5
41,META,0.0036398554485375907,QLSTM,1,2,0.0009999999999999992,10,16,50,5
41,TSLA,0.007049346956509081,QLSTM,1,2,0.0009999999999999992,10,16,50,5
41,MSFT,0.004629090237854557,QLSTM,1,2,0.0009999999999999992,10,16,50,5
41,AAPL,0.007896428377452221,QLSTM,1,2,0.0009999999999999992,10,16,50,5
41,ABBV,0.008082960023206066,QLSTM,1,2,0.0009999999999999992,10,16,50,5
41,PEP,0.008541796991432255,QLSTM,1,2,0.0009999999999999992,10,16,50,5
41,CRM,0.0054003705947913904,QLSTM,1,2,0.0009999999999999992,10,16,50,5
41,PFE,0.0027843962889164686,QLSTM,1,2,0.0009999999999999992,10,16,50,5
41,NFLX,0.0037280304267452184,QLSTM,1,2,0.0009999999999999992,10,16,50,5
41,AMD,0.0051295703689737075,QLSTM,1,2,0.0009999999999999992,10,16,50,5
41,ABT,0.005042522436600517,QLSTM,1,2,0.0009999999999999992,10,16,50,5
41,PM,0.009970718253911897,QLSTM,1,2,0.0009999999999999992,10,16,50,5
41,BA,0.005332398630509322,QLSTM,1,2,0.0009999999999999992,10,16,50,5
41,NKE,0.004056567347354509,QLSTM,1,2,0.0009999999999999992,10,16,50,5
41,GS,0.009041408775374293,QLSTM,1,2,0.0009999999999999992,10,16,50,5
41,T,0.0037974014518443833,QLSTM,1,2,0.0009999999999999992,10,16,50,5
41,C,0.005026873396921225,QLSTM,1,2,0.0009999999999999992,10,16,50,5
41,MU,0.006953003445894204,QLSTM,1,2,0.0009999999999999992,10,16,50,5
42,NVDA,0.0017603218677157367,QLSTM,1,2,0.0009999999999999992,10,16,50,5
42,DIS,0.003841687549455938,QLSTM,1,2,0.0009999999999999992,10,16,50,5
42,KO,0.01055658588566902,QLSTM,1,2,0.0009999999999999992,10,16,50,5
42,MO,0.006837057828141207,QLSTM,1,2,0.0009999999999999992,10,16,50,5
42,BABA,0.012089951471848921,QLSTM,1,2,0.0009999999999999992,10,16,50,5
42,MA,0.008940809379882094,QLSTM,1,2,0.0009999999999999992,10,16,50,5
42,V,0.009117611070078883,QLSTM,1,2,0.0009999999999999992,10,16,50,5
42,JPM,0.005269657989794558,QLSTM,1,2,0.0009999999999999992,10,16,50,5
42,PG,0.009190690238028765,QLSTM,1,2,0.0009999999999999992,10,16,50,5
42,TSM,0.003295812189621343,QLSTM,1,2,0.0009999999999999992,10,16,50,5
42,META,0.0041833968187513,QLSTM,1,2,0.0009999999999999992,10,16,50,5
42,TSLA,0.007034001951317557,QLSTM,1,2,0.0009999999999999992,10,16,50,5
42,MSFT,0.004628710755655034,QLSTM,1,2,0.0009999999999999992,10,16,50,5
42,AAPL,0.007925364188849926,QLSTM,1,2,0.0009999999999999992,10,16,50,5
42,ABBV,0.008034059767272662,QLSTM,1,2,0.0009999999999999992,10,16,50,5
42,PEP,0.008584654022177512,QLSTM,1,2,0.0009999999999999992,10,16,50,5
42,CRM,0.005340794625226408,QLSTM,1,2,0.0009999999999999992,10,16,50,5
42,PFE,0.002754226956643503,QLSTM,1,2,0.0009999999999999992,10,16,50,5
42,NFLX,0.0037396576319059186,QLSTM,1,2,0.0009999999999999992,10,16,50,5
42,AMD,0.005155377089977264,QLSTM,1,2,0.0009999999999999992,10,16,50,5
42,ABT,0.005075316103598611,QLSTM,1,2,0.0009999999999999992,10,16,50,5
42,PM,0.009945027202113786,QLSTM,1,2,0.0009999999999999992,10,16,50,5
42,BA,0.005320144436237487,QLSTM,1,2,0.0009999999999999992,10,16,50,5
42,NKE,0.004051826608536596,QLSTM,1,2,0.0009999999999999992,10,16,50,5
42,GS,0.00912297472611747,QLSTM,1,2,0.0009999999999999992,10,16,50,5
42,T,0.0038161023482891983,QLSTM,1,2,0.0009999999999999992,10,16,50,5
42,C,0.0050485195877792485,QLSTM,1,2,0.0009999999999999992,10,16,50,5
42,MU,0.007065015876750377,QLSTM,1,2,0.0009999999999999992,10,16,50,5
43,NVDA,0.0017521007737906818,QLSTM,1,2,0.0009999999999999992,10,16,50,5
43,DIS,0.0038576940159228716,QLSTM,1,2,0.0009999999999999992,10,16,50,5
43,KO,0.01051596629391001,QLSTM,1,2,0.0009999999999999992,10,16,50,5
43,MO,0.006897047569509596,QLSTM,1,2,0.0009999999999999992,10,16,50,5
43,BABA,0.01199962764936076,QLSTM,1,2,0.0009999999999999992,10,16,50,5
43,MA,0.009012826506725767,QLSTM,1,2,0.0009999999999999992,10,16,50,5
43,V,0.009019692523658952,QLSTM,1,2,0.0009999999999999992,10,16,50,5
43,JPM,0.005249918322078884,QLSTM,1,2,0.0009999999999999992,10,16,50,5
43,PG,0.009343779254281386,QLSTM,1,2,0.0009999999999999992,10,16,50,5
43,TSM,0.0032874539981342173,QLSTM,1,2,0.0009999999999999992,10,16,50,5
43,META,0.0036552449137988415,QLSTM,1,2,0.0009999999999999992,10,16,50,5
43,TSLA,0.007056494314879687,QLSTM,1,2,0.0009999999999999992,10,16,50,5
43,MSFT,0.0046461917862126775,QLSTM,1,2,0.0009999999999999992,10,16,50,5
43,AAPL,0.007864858690564606,QLSTM,1,2,0.0009999999999999992,10,16,50,5
43,ABBV,0.008335624228824268,QLSTM,1,2,0.0009999999999999992,10,16,50,5
43,PEP,0.008620647343129596,QLSTM,1,2,0.0009999999999999992,10,16,50,5
43,CRM,0.005405552717010406,QLSTM,1,2,0.0009999999999999992,10,16,50,5
43,PFE,0.0027967078441923313,QLSTM,1,2,0.0009999999999999992,10,16,50,5
43,NFLX,0.0037222653309899297,QLSTM,1,2,0.0009999999999999992,10,16,50,5
43,AMD,0.005138180472634055,QLSTM,1,2,0.0009999999999999992,10,16,50,5
43,ABT,0.005077288232066415,QLSTM,1,2,0.0009999999999999992,10,16,50,5
43,PM,0.010209256063469431,QLSTM,1,2,0.0009999999999999992,10,16,50,5
43,BA,0.005347327435050498,QLSTM,1,2,0.0009999999999999992,10,16,50,5
43,NKE,0.004060873264362189,QLSTM,1,2,0.0009999999999999992,10,16,50,5
43,GS,0.009266627772541886,QLSTM,1,2,0.0009999999999999992,10,16,50,5
43,T,0.003824920908135193,QLSTM,1,2,0.0009999999999999992,10,16,50,5
43,C,0.004999955047175966,QLSTM,1,2,0.0009999999999999992,10,16,50,5
43,MU,0.007017605017278005,QLSTM,1,2,0.0009999999999999992,10,16,50,5
44,NVDA,0.001744450929849832,QLSTM,1,2,0.0009999999999999992,10,16,50,5
44,DIS,0.0038507811682806773,QLSTM,1,2,0.0009999999999999992,10,16,50,5
44,KO,0.010521915995261887,QLSTM,1,2,0.0009999999999999992,10,16,50,5
44,MO,0.006875514386179434,QLSTM,1,2,0.0009999999999999992,10,16,50,5
44,BABA,0.01197648382830349,QLSTM,1,2,0.0009999999999999992,10,16,50,5
44,MA,0.009024756621908058,QLSTM,1,2,0.0009999999999999992,10,16,50,5
44,V,0.009051901330663399,QLSTM,1,2,0.0009999999999999992,10,16,50,5
44,JPM,0.005277004061182114,QLSTM,1,2,0.0009999999999999992,10,16,50,5
44,PG,0.009100139955990016,QLSTM,1,2,0.0009999999999999992,10,16,50,5
44,TSM,0.0032356139484115624,QLSTM,1,2,0.0009999999999999992,10,16,50,5
44,META,0.0036466471633916212,QLSTM,1,2,0.0009999999999999992,10,16,50,5
44,TSLA,0.007033320352837274,QLSTM,1,2,0.0009999999999999992,10,16,50,5
44,MSFT,0.004596332865978845,QLSTM,1,2,0.0009999999999999992,10,16,50,5
44,AAPL,0.007893974448300221,QLSTM,1,2,0.0009999999999999992,10,16,50,5
44,ABBV,0.008212762249803001,QLSTM,1,2,0.0009999999999999992,10,16,50,5
44,PEP,0.008531259774992412,QLSTM,1,2,0.0009999999999999992,10,16,50,5
44,CRM,0.005357860788618299,QLSTM,1,2,0.0009999999999999992,10,16,50,5
44,PFE,0.00277987490831451,QLSTM,1,2,0.0009999999999999992,10,16,50,5
44,NFLX,0.0037300045078154653,QLSTM,1,2,0.0009999999999999992,10,16,50,5
44,AMD,0.005125507278452543,QLSTM,1,2,0.0009999999999999992,10,16,50,5
44,ABT,0.005090151045640761,QLSTM,1,2,0.0009999999999999992,10,16,50,5
44,PM,0.01000833945264193,QLSTM,1,2,0.0009999999999999992,10,16,50,5
44,BA,0.005365698587742041,QLSTM,1,2,0.0009999999999999992,10,16,50,5
44,NKE,0.004098524953323332,QLSTM,1,2,0.0009999999999999992,10,16,50,5
44,GS,0.009063455763018945,QLSTM,1,2,0.0009999999999999992,10,16,50,5
44,T,0.0038020220526959747,QLSTM,1,2,0.0009999999999999992,10,16,50,5
44,C,0.005010020760395987,QLSTM,1,2,0.0009999999999999992,10,16,50,5
44,MU,0.007051702895709736,QLSTM,1,2,0.0009999999999999992,10,16,50,5
45,NVDA,0.0017694862458897246,QLSTM,1,2,0.0009999999999999992,10,16,50,5
45,DIS,0.003858025175180625,QLSTM,1,2,0.0009999999999999992,10,16,50,5
45,KO,0.010544237871231004,QLSTM,1,2,0.0009999999999999992,10,16,50,5
45,MO,0.006867337807885964,QLSTM,1,2,0.0009999999999999992,10,16,50,5
45,BABA,0.011964597771028903,QLSTM,1,2,0.0009999999999999992,10,16,50,5
45,MA,0.009018662766638126,QLSTM,1,2,0.0009999999999999992,10,16,50,5
45,V,0.009005784120580012,QLSTM,1,2,0.0009999999999999992,10,16,50,5
45,JPM,0.005248543446544896,QLSTM,1,2,0.0009999999999999992,10,16,50,5
45,PG,0.00911651086062193,QLSTM,1,2,0.0009999999999999992,10,16,50,5
45,TSM,0.003271471529098397,QLSTM,1,2,0.0009999999999999992,10,16,50,5
45,META,0.0037358273958406326,QLSTM,1,2,0.0009999999999999992,10,16,50,5
45,TSLA,0.0070302847915710035,QLSTM,1,2,0.0009999999999999992,10,16,50,5
45,MSFT,0.004585956942967393,QLSTM,1,2,0.0009999999999999992,10,16,50,5
45,AAPL,0.007869734428822994,QLSTM,1,2,0.0009999999999999992,10,16,50,5
45,ABBV,0.00805774346967651,QLSTM,1,2,0.0009999999999999992,10,16,50,5
45,PEP,0.008524244862862608,QLSTM,1,2,0.0009999999999999992,10,16,50,5
45,CRM,0.0053344475719231095,QLSTM,1,2,0.0009999999999999992,10,16,50,5
45,PFE,0.0028014006357724693,QLSTM,1,2,0.0009999999999999992,10,16,50,5
45,NFLX,0.0037275175034830518,QLSTM,1,2,0.0009999999999999992,10,16,50,5
45,AMD,0.005133154929022898,QLSTM,1,2,0.0009999999999999992,10,16,50,5
45,ABT,0.005078924544663591,QLSTM,1,2,0.0009999999999999992,10,16,50,5
45,PM,0.010043550716628406,QLSTM,1,2,0.0009999999999999992,10,16,50,5
45,BA,0.0053583273388953375,QLSTM,1,2,0.0009999999999999992,10,16,50,5
45,NKE,0.004046873856251213,QLSTM,1,2,0.0009999999999999992,10,16,50,5
45,GS,0.009244970553977922,QLSTM,1,2,0.0009999999999999992,10,16,50,5
45,T,0.0038036466338036753,QLSTM,1,2,0.0009999999999999992,10,16,50,5
45,C,0.005054098120043901,QLSTM,1,2,0.0009999999999999992,10,16,50,5
45,MU,0.007063859936103902,QLSTM,1,2,0.0009999999999999992,10,16,50,5
46,NVDA,0.0017756713046268983,QLSTM,1,2,0.0009999999999999992,10,16,50,5
46,DIS,0.0038729905658824878,QLSTM,1,2,0.0009999999999999992,10,16,50,5
46,KO,0.010664914713495156,QLSTM,1,2,0.0009999999999999992,10,16,50,5
46,MO,0.00684733532728966,QLSTM,1,2,0.0009999999999999992,10,16,50,5
46,BABA,0.012726610484109684,QLSTM,1,2,0.0009999999999999992,10,16,50,5
46,MA,0.009007775817405094,QLSTM,1,2,0.0009999999999999992,10,16,50,5
46,V,0.009037127548998053,QLSTM,1,2,0.0009999999999999992,10,16,50,5
46,JPM,0.005297774300825867,QLSTM,1,2,0.0009999999999999992,10,16,50,5
46,PG,0.009143715078773146,QLSTM,1,2,0.0009999999999999992,10,16,50,5
46,TSM,0.0032493250010619786,QLSTM,1,2,0.0009999999999999992,10,16,50,5
46,META,0.0037298673202961004,QLSTM,1,2,0.0009999999999999992,10,16,50,5
46,TSLA,0.0070894802735314115,QLSTM,1,2,0.0009999999999999992,10,16,50,5
46,MSFT,0.004652187238786031,QLSTM,1,2,0.0009999999999999992,10,16,50,5
46,AAPL,0.007871707816692915,QLSTM,1,2,0.0009999999999999992,10,16,50,5
46,ABBV,0.008090286674401299,QLSTM,1,2,0.0009999999999999992,10,16,50,5
46,PEP,0.008444138146428899,QLSTM,1,2,0.0009999999999999992,10,16,50,5
46,CRM,0.005343121233057569,QLSTM,1,2,0.0009999999999999992,10,16,50,5
46,PFE,0.002805653459455987,QLSTM,1,2,0.0009999999999999992,10,16,50,5
46,NFLX,0.0037657224615527825,QLSTM,1,2,0.0009999999999999992,10,16,50,5
46,AMD,0.0051397494442591615,QLSTM,1,2,0.0009999999999999992,10,16,50,5
46,ABT,0.00504451119129292,QLSTM,1,2,0.0009999999999999992,10,16,50,5
46,PM,0.009979466537267646,QLSTM,1,2,0.0009999999999999992,10,16,50,5
46,BA,0.0053643533028662205,QLSTM,1,2,0.0009999999999999992,10,16,50,5
46,NKE,0.004055093185425821,QLSTM,1,2,0.0009999999999999992,10,16,50,5
46,GS,0.009045637826519933,QLSTM,1,2,0.0009999999999999992,10,16,50,5
46,T,0.0038255811959970742,QLSTM,1,2,0.0009999999999999992,10,16,50,5
46,C,0.004995878203772008,QLSTM,1,2,0.0009999999999999992,10,16,50,5
46,MU,0.0070398424603891644,QLSTM,1,2,0.0009999999999999992,10,16,50,5
47,NVDA,0.0017594407783524896,QLSTM,1,2,0.0009999999999999992,10,16,50,5
47,DIS,0.0038305348134599626,QLSTM,1,2,0.0009999999999999992,10,16,50,5
47,KO,0.010610872509211978,QLSTM,1,2,0.0009999999999999992,10,16,50,5
47,MO,0.006872752374461429,QLSTM,1,2,0.0009999999999999992,10,16,50,5
47,BABA,0.0120131597452035,QLSTM,1,2,0.0009999999999999992,10,16,50,5
47,MA,0.009194059265692804,QLSTM,1,2,0.0009999999999999992,10,16,50,5
47,V,0.009064008153721013,QLSTM,1,2,0.0009999999999999992,10,16,50,5
47,JPM,0.005264381338334219,QLSTM,1,2,0.0009999999999999992,10,16,50,5
47,PG,0.009149343241006136,QLSTM,1,2,0.0009999999999999992,10,16,50,5
47,TSM,0.0032916911877691746,QLSTM,1,2,0.0009999999999999992,10,16,50,5
47,META,0.0036813878978136927,QLSTM,1,2,0.0009999999999999992,10,16,50,5
47,TSLA,0.00851688388237645,QLSTM,1,2,0.0009999999999999992,10,16,50,5
47,MSFT,0.004600274889856915,QLSTM,1,2,0.0009999999999999992,10,16,50,5
47,AAPL,0.007869859755208547,QLSTM,1,2,0.0009999999999999992,10,16,50,5
47,ABBV,0.008027074488133869,QLSTM,1,2,0.0009999999999999992,10,16,50,5
47,PEP,0.008579410342711279,QLSTM,1,2,0.0009999999999999992,10,16,50,5
47,CRM,0.005340397241525352,QLSTM,1,2,0.0009999999999999992,10,16,50,5
47,PFE,0.002766010372645476,QLSTM,1,2,0.0009999999999999992,10,16,50,5
47,NFLX,0.0037252882823602044,QLSTM,1,2,0.0009999999999999992,10,16,50,5
47,AMD,0.005157086310315539,QLSTM,1,2,0.0009999999999999992,10,16,50,5
47,ABT,0.005079362594353204,QLSTM,1,2,0.0009999999999999992,10,16,50,5
47,PM,0.01000323296863247,QLSTM,1,2,0.0009999999999999992,10,16,50,5
47,BA,0.005383329148488966,QLSTM,1,2,0.0009999999999999992,10,16,50,5
47,NKE,0.004064850239294835,QLSTM,1,2,0.0009999999999999992,10,16,50,5
47,GS,0.00901198661251163,QLSTM,1,2,0.0009999999999999992,10,16,50,5
47,T,0.003803719200236215,QLSTM,1,2,0.0009999999999999992,10,16,50,5
47,C,0.00502671028318053,QLSTM,1,2,0.0009999999999999992,10,16,50,5
47,MU,0.006977596404877576,QLSTM,1,2,0.0009999999999999992,10,16,50,5
48,NVDA,0.0017557265871966426,QLSTM,1,2,0.0009999999999999992,10,16,50,5
48,DIS,0.0038787829848429697,QLSTM,1,2,0.0009999999999999992,10,16,50,5
48,KO,0.010532692032442852,QLSTM,1,2,0.0009999999999999992,10,16,50,5
48,MO,0.006909607951952653,QLSTM,1,2,0.0009999999999999992,10,16,50,5
48,BABA,0.011932812101969665,QLSTM,1,2,0.0009999999999999992,10,16,50,5
48,MA,0.009105342916551639,QLSTM,1,2,0.0009999999999999992,10,16,50,5
48,V,0.009177744102833623,QLSTM,1,2,0.0009999999999999992,10,16,50,5
48,JPM,0.005226917866490443,QLSTM,1,2,0.0009999999999999992,10,16,50,5
48,PG,0.009132406145164912,QLSTM,1,2,0.0009999999999999992,10,16,50,5
48,TSM,0.00328579937658188,QLSTM,1,2,0.0009999999999999992,10,16,50,5
48,META,0.0036523118324112147,QLSTM,1,2,0.0009999999999999992,10,16,50,5
48,TSLA,0.006999552990733223,QLSTM,1,2,0.0009999999999999992,10,16,50,5
48,MSFT,0.0045975814255970445,QLSTM,1,2,0.0009999999999999992,10,16,50,5
48,AAPL,0.007956814423034137,QLSTM,1,2,0.0009999999999999992,10,16,50,5
48,ABBV,0.00800118007993495,QLSTM,1,2,0.0009999999999999992,10,16,50,5
48,PEP,0.008619403339583765,QLSTM,1,2,0.0009999999999999992,10,16,50,5
48,CRM,0.005328093163288114,QLSTM,1,2,0.0009999999999999992,10,16,50,5
48,PFE,0.0028216062677198684,QLSTM,1,2,0.0009999999999999992,10,16,50,5
48,NFLX,0.0037013879231050273,QLSTM,1,2,0.0009999999999999992,10,16,50,5
48,AMD,0.005157042908566919,QLSTM,1,2,0.0009999999999999992,10,16,50,5
48,ABT,0.0050708968933163715,QLSTM,1,2,0.0009999999999999992,10,16,50,5
48,PM,0.009977357620796696,QLSTM,1,2,0.0009999999999999992,10,16,50,5
48,BA,0.0053463336715305395,QLSTM,1,2,0.0009999999999999992,10,16,50,5
48,NKE,0.004056921530387957,QLSTM,1,2,0.0009999999999999992,10,16,50,5
48,GS,0.009108826126479968,QLSTM,1,2,0.0009999999999999992,10,16,50,5
48,T,0.003943977007028562,QLSTM,1,2,0.0009999999999999992,10,16,50,5
48,C,0.005026127857325429,QLSTM,1,2,0.0009999999999999992,10,16,50,5
48,MU,0.007056516605768014,QLSTM,1,2,0.0009999999999999992,10,16,50,5
49,NVDA,0.0017474611205133524,QLSTM,1,2,0.0009999999999999992,10,16,50,5
49,DIS,0.003858270314098759,QLSTM,1,2,0.0009999999999999992,10,16,50,5
49,KO,0.01059985537589951,QLSTM,1,2,0.0009999999999999992,10,16,50,5
49,MO,0.006890000203963031,QLSTM,1,2,0.0009999999999999992,10,16,50,5
49,BABA,0.011893637076189572,QLSTM,1,2,0.0009999999999999992,10,16,50,5
49,MA,0.008972253618677232,QLSTM,1,2,0.0009999999999999992,10,16,50,5
49,V,0.00906134878327562,QLSTM,1,2,0.0009999999999999992,10,16,50,5
49,JPM,0.005248985422605818,QLSTM,1,2,0.0009999999999999992,10,16,50,5
49,PG,0.009052699273028835,QLSTM,1,2,0.0009999999999999992,10,16,50,5
49,TSM,0.003223503630248491,QLSTM,1,2,0.0009999999999999992,10,16,50,5
49,META,0.003706532242094082,QLSTM,1,2,0.0009999999999999992,10,16,50,5
49,TSLA,0.007013879864561287,QLSTM,1,2,0.0009999999999999992,10,16,50,5
49,MSFT,0.004625468477818437,QLSTM,1,2,0.0009999999999999992,10,16,50,5
49,AAPL,0.00808129272296686,QLSTM,1,2,0.0009999999999999992,10,16,50,5
49,ABBV,0.008245957359163598,QLSTM,1,2,0.0009999999999999992,10,16,50,5
49,PEP,0.008577661197209223,QLSTM,1,2,0.0009999999999999992,10,16,50,5
49,CRM,0.005399832269176841,QLSTM,1,2,0.0009999999999999992,10,16,50,5
49,PFE,0.0027769384905695915,QLSTM,1,2,0.0009999999999999992,10,16,50,5
49,NFLX,0.003729778892275962,QLSTM,1,2,0.0009999999999999992,10,16,50,5
49,AMD,0.005223128616555848,QLSTM,1,2,0.0009999999999999992,10,16,50,5
49,ABT,0.005091200169937854,QLSTM,1,2,0.0009999999999999992,10,16,50,5
49,PM,0.01003872324839573,QLSTM,1,2,0.0009999999999999992,10,16,50,5
49,BA,0.005297865416981618,QLSTM,1,2,0.0009999999999999992,10,16,50,5
49,NKE,0.004179121185602112,QLSTM,1,2,0.0009999999999999992,10,16,50,5
49,GS,0.009117485320364887,QLSTM,1,2,0.0009999999999999992,10,16,50,5
49,T,0.0038887752982025795,QLSTM,1,2,0.0009999999999999992,10,16,50,5
49,C,0.004984098735307766,QLSTM,1,2,0.0009999999999999992,10,16,50,5
49,MU,0.007005250250751322,QLSTM,1,2,0.0009999999999999992,10,16,50,5
50,NVDA,0.001740908837580884,QLSTM,1,2,0.0009999999999999992,10,16,50,5
50,DIS,0.0038756997144611723,QLSTM,1,2,0.0009999999999999992,10,16,50,5
50,KO,0.010597178839485754,QLSTM,1,2,0.0009999999999999992,10,16,50,5
50,MO,0.007157064709727737,QLSTM,1,2,0.0009999999999999992,10,16,50,5
50,BABA,0.011882241942327131,QLSTM,1,2,0.0009999999999999992,10,16,50,5
50,MA,0.00894784463823519,QLSTM,1,2,0.0009999999999999992,10,16,50,5
50,V,0.0090597910721871,QLSTM,1,2,0.0009999999999999992,10,16,50,5
50,JPM,0.005330473142252727,QLSTM,1,2,0.0009999999999999992,10,16,50,5
50,PG,0.009144656434231862,QLSTM,1,2,0.0009999999999999992,10,16,50,5
50,TSM,0.0032711824010634286,QLSTM,1,2,0.0009999999999999992,10,16,50,5
50,META,0.0036439600120171567,QLSTM,1,2,0.0009999999999999992,10,16,50,5
50,TSLA,0.007041550185848874,QLSTM,1,2,0.0009999999999999992,10,16,50,5
50,MSFT,0.004595778109929101,QLSTM,1,2,0.0009999999999999992,10,16,50,5
50,AAPL,0.00784684787504375,QLSTM,1,2,0.0009999999999999992,10,16,50,5
50,ABBV,0.008048382016237487,QLSTM,1,2,0.0009999999999999992,10,16,50,5
50,PEP,0.008813703612593765,QLSTM,1,2,0.0009999999999999992,10,16,50,5
50,CRM,0.005402471711435778,QLSTM,1,2,0.0009999999999999992,10,16,50,5
50,PFE,0.0027773758841001177,QLSTM,1,2,0.0009999999999999992,10,16,50,5
50,NFLX,0.0037331406069411473,QLSTM,1,2,0.0009999999999999992,10,16,50,5
50,AMD,0.005183449570639906,QLSTM,1,2,0.0009999999999999992,10,16,50,5
50,ABT,0.005061838188504969,QLSTM,1,2,0.0009999999999999992,10,16,50,5
50,PM,0.010054634757001291,QLSTM,1,2,0.0009999999999999992,10,16,50,5
50,BA,0.005311254962262782,QLSTM,1,2,0.0009999999999999992,10,16,50,5
50,NKE,0.004061105454721573,QLSTM,1,2,0.0009999999999999992,10,16,50,5
50,GS,0.009069036311385307,QLSTM,1,2,0.0009999999999999992,10,16,50,5
50,T,0.0038379396348980003,QLSTM,1,2,0.0009999999999999992,10,16,50,5
50,C,0.005210857594978403,QLSTM,1,2,0.0009999999999999992,10,16,50,5
50,MU,0.006999191320077939,QLSTM,1,2,0.0009999999999999992,10,16,50,5
