DATE,QTY_B1_12,QTY_B1_37,QTY_B2_4,QTY_B2_15,QTY_B1_32,PROMO_B1_12,PROMO_B1_37,PROMO_B2_4,PROMO_B2_15,PROMO_B1_32
2014-01-02,0,19,14,14,0,0,0,1,1,0
2014-01-03,0,2,12,17,0,0,0,1,1,0
2014-01-04,7,2,16,21,4,0,0,1,1,0
2014-01-05,19,1,11,5,8,0,0,1,1,0
2014-01-06,5,6,2,8,2,0,0,1,1,0
2014-01-07,13,11,4,12,7,0,0,1,1,0
2014-01-08,10,7,17,10,2,0,0,1,1,0
2014-01-09,17,2,12,13,3,0,0,1,1,0
2014-01-10,26,7,12,16,13,0,0,1,1,0
2014-01-11,33,17,22,20,6,0,0,1,1,0
2014-01-12,14,6,9,6,8,0,0,1,1,0
2014-01-13,17,4,26,12,3,0,0,1,1,0
2014-01-14,11,3,10,10,15,0,0,1,1,0
2014-01-15,13,2,13,13,5,0,0,1,1,0
2014-01-16,7,9,9,6,0,0,0,1,1,0
2014-01-17,15,8,20,16,3,0,0,1,1,0
2014-01-18,16,10,27,34,8,0,0,1,1,0
2014-01-19,2,6,20,16,6,0,0,1,1,0
2014-01-20,14,5,15,17,3,0,0,1,1,0
2014-01-21,13,3,16,11,2,0,0,1,1,0
2014-01-22,7,7,21,23,14,0,0,1,1,0
2014-01-23,13,4,18,23,5,0,0,1,1,0
2014-01-24,20,12,26,24,7,0,0,1,1,0
2014-01-25,34,12,22,31,12,0,0,1,1,0
2014-01-26,6,17,17,7,1,0,0,1,1,0
2014-01-27,15,4,6,4,0,0,0,1,1,0
2014-01-28,13,8,11,14,5,0,0,1,1,0
2014-01-29,14,3,17,11,4,0,0,1,1,0
2014-01-30,15,9,8,4,7,0,0,1,1,0
2014-01-31,30,10,16,26,8,0,0,1,1,0
2014-02-01,33,20,30,38,11,0,0,1,1,0
2014-02-02,0,2,3,26,1,0,0,1,1,0
2014-02-03,3,5,14,19,7,0,0,1,1,0
2014-02-04,11,3,23,9,2,0,0,1,1,0
2014-02-05,13,2,24,13,6,0,0,1,1,0
2014-02-06,22,10,13,13,4,0,0,1,1,0
2014-02-07,34,10,65,25,2,0,0,1,1,0
2014-02-08,27,12,81,30,19,0,0,1,1,0
2014-02-09,7,6,13,11,2,0,0,1,1,0
2014-02-10,20,4,37,15,3,0,0,1,1,0
2014-02-11,10,0,11,17,7,0,0,1,1,0
2014-02-12,12,10,17,7,7,0,0,1,1,0
2014-02-13,93,107,6,13,87,1,1,1,1,1
2014-02-14,133,93,6,16,88,1,1,1,1,1
2014-02-15,140,74,23,20,118,1,1,1,1,1
2014-02-16,48,54,1,9,57,1,1,1,1,1
2014-02-17,52,67,2,17,42,1,1,1,1,1
2014-02-18,48,52,0,8,38,1,1,0,1,1
2014-02-19,52,12,21,11,39,1,1,1,1,1
2014-02-20,66,52,9,10,81,1,1,1,1,1
2014-02-21,29,38,25,15,56,1,1,1,1,1
2014-02-22,36,82,30,30,66,1,1,1,1,1
2014-02-23,19,21,6,13,13,1,1,1,1,1
2014-02-24,4,29,10,6,21,1,1,1,1,1
2014-02-25,0,21,3,12,15,0,1,1,1,1
2014-02-26,14,17,21,18,9,1,1,1,1,1
2014-02-27,16,4,20,18,8,0,0,1,1,0
2014-02-28,11,4,1,10,12,0,0,1,1,0
2014-03-01,40,1,16,39,7,0,0,1,1,0
2014-03-02,15,4,0,9,3,0,0,0,1,0
2014-03-03,6,0,6,19,1,0,0,1,1,0
2014-03-04,12,6,2,11,4,0,0,1,1,0
2014-03-05,9,1,6,18,1,0,0,1,1,0
2014-03-06,7,8,14,14,9,0,0,1,1,0
2014-03-07,25,7,25,8,7,0,0,1,1,0
2014-03-08,25,14,8,25,15,0,0,1,1,0
2014-03-09,15,1,1,9,1,0,0,1,1,0
2014-03-10,12,8,0,10,10,0,0,0,1,0
2014-03-11,8,4,0,10,2,0,0,0,1,0
2014-03-12,7,6,0,10,1,0,0,0,1,0
2014-03-13,8,3,7,5,1,0,0,1,1,0
2014-03-14,20,14,18,12,13,0,0,1,1,0
2014-03-15,23,3,25,29,7,0,0,1,1,0
2014-03-16,10,5,7,11,6,0,0,1,1,0
2014-03-17,9,1,8,9,3,0,0,1,1,0
2014-03-18,7,7,10,19,9,0,0,1,1,0
2014-03-19,9,9,6,7,1,0,0,1,1,0
2014-03-20,6,2,6,9,7,0,0,1,1,0
2014-03-21,25,9,14,21,9,0,0,1,1,0
2014-03-22,34,28,33,33,16,0,0,1,1,0
2014-03-23,7,5,8,16,6,0,0,1,1,0
2014-03-24,16,10,5,7,5,0,0,1,1,0
2014-03-25,22,2,14,13,3,0,0,1,1,0
2014-03-26,9,11,15,11,5,0,0,1,1,0
2014-03-27,15,6,18,28,5,0,0,1,1,0
2014-03-28,12,14,18,19,8,0,0,1,1,0
2014-03-29,26,15,24,30,19,0,0,1,1,0
2014-03-30,14,7,4,9,2,0,0,1,1,0
2014-03-31,13,8,10,17,8,0,0,1,1,0
2014-04-01,20,8,10,17,8,0,0,1,1,0
2014-04-02,16,11,17,12,2,0,0,1,1,0
2014-04-03,12,3,16,20,7,0,0,1,1,0
2014-04-04,13,10,6,26,11,0,0,1,1,0
2014-04-05,39,17,15,30,6,0,0,1,1,0
2014-04-06,11,5,6,8,4,0,0,1,1,0
2014-04-07,13,3,12,12,1,0,0,1,1,0
2014-04-08,11,7,13,16,6,0,0,1,1,0
2014-04-09,11,4,16,10,13,0,0,1,1,0
2014-04-10,67,59,15,7,51,1,1,1,1,1
2014-04-11,43,57,10,16,46,1,1,1,1,1
2014-04-12,112,14,23,18,50,1,1,1,1,1
2014-04-13,33,24,11,12,46,1,1,1,1,1
2014-04-14,38,37,11,13,13,1,1,1,1,1
2014-04-15,36,39,7,19,16,1,1,1,1,1
2014-04-16,32,34,19,17,14,1,1,1,1,1
2014-04-17,46,46,16,13,9,1,1,1,1,1
2014-04-18,60,37,26,22,5,1,1,1,1,1
2014-04-19,60,77,23,34,27,1,1,1,1,1
2014-04-21,13,6,4,13,5,1,1,1,1,1
2014-04-22,13,5,8,21,4,0,0,1,1,0
2014-04-23,14,7,5,14,10,0,0,1,1,0
2014-04-24,24,10,10,15,10,0,0,1,1,0
2014-04-25,14,5,9,6,2,0,0,1,1,0
2014-04-26,33,11,15,29,15,0,0,1,1,0
2014-04-27,7,5,12,8,7,0,0,1,1,0
2014-04-28,10,10,19,19,5,0,0,1,1,0
2014-04-29,12,2,23,23,8,0,0,1,1,0
2014-04-30,16,9,20,19,4,0,0,1,1,0
2014-05-02,27,6,9,14,8,0,0,1,1,0
2014-05-03,33,13,19,29,15,0,0,1,1,0
2014-05-04,24,6,6,15,7,0,0,1,1,0
2014-05-05,7,8,9,7,5,0,0,1,1,0
2014-05-06,13,12,15,8,2,0,0,1,1,0
2014-05-07,18,4,16,17,1,0,0,1,1,0
2014-05-08,1,5,12,21,2,0,0,1,1,0
2014-05-09,17,17,18,31,17,0,0,1,1,0
2014-05-10,31,11,26,22,13,0,0,1,1,0
2014-05-11,13,7,11,10,8,0,0,1,1,0
2014-05-12,21,5,10,13,3,0,0,1,1,0
2014-05-13,8,8,27,17,16,0,0,1,1,0
2014-05-14,19,1,20,25,1,0,0,1,1,0
2014-05-15,20,7,14,16,4,0,0,1,1,0
2014-05-16,19,12,26,21,9,0,0,1,1,0
2014-05-17,22,11,3,33,18,0,0,1,1,0
2014-05-18,8,2,17,16,2,0,0,1,1,0
2014-05-19,11,4,7,8,1,0,0,1,1,0
2014-05-20,19,6,12,18,8,0,0,1,1,0
2014-05-21,14,12,22,22,5,0,0,1,1,0
2014-05-22,14,11,20,23,6,0,0,1,1,0
2014-05-23,26,12,10,17,19,0,0,1,1,0
2014-05-24,27,9,26,46,6,0,0,1,1,0
2014-05-25,20,11,9,14,0,0,0,1,1,0
2014-05-26,11,5,10,12,0,0,0,1,1,0
2014-05-27,11,1,17,17,0,0,0,1,1,0
2014-05-28,13,0,19,31,5,0,0,1,1,0
2014-05-29,108,54,15,22,129,1,1,1,1,1
2014-05-30,145,86,16,6,99,1,1,1,1,1
2014-05-31,169,62,13,9,66,1,1,1,1,1
2014-06-01,5,36,10,15,20,1,1,1,1,1
2014-06-02,21,28,2,8,19,1,1,1,1,1
2014-06-03,23,63,4,5,17,1,1,1,1,1
2014-06-04,118,20,0,7,2,1,1,0,1,1
2014-06-05,13,44,0,24,4,1,1,0,1,1
2014-06-06,43,33,2,22,26,1,1,1,1,1
2014-06-07,41,16,3,28,30,1,1,1,1,1
2014-06-08,21,11,2,3,8,1,1,1,1,1
2014-06-09,2,15,1,7,17,1,1,1,1,1
2014-06-10,25,14,15,10,22,1,1,1,1,1
2014-06-11,9,24,17,17,4,1,1,1,1,1
2014-06-12,0,6,13,23,1,0,0,1,1,0
2014-06-13,0,10,15,12,3,0,0,1,1,0
2014-06-14,0,9,12,30,6,0,0,1,1,0
2014-06-15,19,2,19,1,5,0,0,1,1,0
2014-06-16,24,7,5,4,8,0,0,1,1,0
2014-06-17,7,1,5,9,7,0,0,1,1,0
2014-06-18,7,4,16,21,8,0,0,1,1,0
2014-06-19,13,5,20,22,3,0,0,1,1,0
2014-06-20,20,15,10,12,10,0,0,1,1,0
2014-06-21,30,6,24,31,8,0,0,1,1,0
2014-06-22,11,5,7,9,1,0,0,1,1,0
2014-06-23,8,8,11,8,4,0,0,1,1,0
2014-06-24,27,10,12,4,8,0,0,1,1,0
2014-06-25,11,8,7,22,4,0,0,1,1,0
2014-06-26,8,7,11,15,5,0,0,1,1,0
2014-06-27,10,9,11,10,9,0,0,1,1,0
2014-06-28,21,9,21,21,9,0,0,1,1,0
2014-06-29,10,13,7,6,2,0,0,1,1,0
2014-06-30,5,4,7,14,7,0,0,1,1,0
2014-07-01,21,8,10,9,4,0,0,1,1,0
2014-07-02,14,9,10,11,13,0,0,1,1,0
2014-07-03,23,4,7,13,9,0,0,1,1,0
2014-07-04,11,22,7,12,12,0,0,1,1,0
2014-07-05,13,6,3,14,9,0,0,1,1,0
2014-07-06,19,0,5,9,0,0,0,1,1,0
2014-07-07,8,7,5,3,1,0,0,1,1,0
2014-07-08,10,7,10,18,1,0,0,1,1,0
2014-07-09,10,7,11,11,1,0,0,1,1,0
2014-07-10,16,4,11,13,4,0,0,1,1,0
2014-07-11,7,3,9,14,7,0,0,1,1,0
2014-07-12,32,8,12,14,10,0,0,1,1,0
2014-07-13,19,5,5,3,1,0,0,1,1,0
2014-07-14,11,4,9,10,1,0,0,1,1,0
2014-07-15,9,5,7,14,3,0,0,1,1,0
2014-07-16,0,9,8,6,2,0,0,1,1,0
2014-07-17,4,1,10,19,2,0,0,1,1,0
2014-07-18,15,0,17,12,14,0,0,1,1,0
2014-07-19,20,2,15,20,8,0,0,1,1,0
2014-07-20,20,3,3,7,2,0,0,1,1,0
2014-07-21,17,11,8,6,1,0,0,1,1,0
2014-07-22,7,7,9,15,6,0,0,1,1,0
2014-07-23,15,8,17,7,2,1,1,1,1,1
2014-07-24,41,24,3,10,37,1,1,1,1,1
2014-07-25,21,31,8,11,20,1,1,1,1,1
2014-07-26,50,47,26,29,36,1,1,1,1,1
2014-07-27,14,27,3,8,14,1,1,1,1,1
2014-07-28,13,37,5,12,6,1,1,1,1,1
2014-07-29,62,41,5,14,26,1,1,1,1,1
2014-07-30,71,36,16,10,16,1,1,1,1,1
2014-07-31,41,44,7,14,6,1,1,1,1,1
2014-08-01,76,61,3,20,22,1,1,1,1,1
2014-08-02,57,61,4,14,16,1,1,1,1,1
2014-08-03,23,23,2,8,8,1,1,1,1,1
2014-08-04,6,11,15,3,9,1,1,1,1,1
2014-08-05,16,44,8,5,27,1,1,1,1,1
2014-08-06,26,8,6,2,8,1,1,1,1,1
2014-08-07,9,1,10,9,5,1,1,1,1,1
2014-08-08,23,6,11,17,15,1,1,1,1,1
2014-08-09,33,6,13,12,8,1,1,1,1,1
2014-08-10,15,2,4,2,9,1,1,1,1,1
2014-08-11,15,5,3,6,9,1,1,1,1,1
2014-08-12,12,3,7,14,7,1,1,1,1,1
2014-08-13,14,3,4,10,4,1,1,1,1,1
2014-08-14,16,5,13,18,10,1,1,1,1,1
2014-08-16,13,5,10,12,9,1,1,1,1,1
2014-08-17,8,3,9,16,2,1,1,1,1,1
2014-08-18,11,4,7,13,1,1,1,1,1,1
2014-08-19,7,11,13,9,5,1,1,1,1,1
2014-08-20,10,6,8,5,8,1,1,1,1,1
2014-08-21,15,5,8,10,2,1,1,1,1,1
2014-08-22,16,10,0,6,6,1,1,0,1,1
2014-08-23,23,8,25,16,1,1,1,1,1,1
2014-08-24,9,0,4,11,11,1,0,1,1,1
2014-08-25,13,3,7,21,12,1,1,1,1,1
2014-08-26,13,8,8,4,13,1,1,1,1,1
2014-08-27,15,11,10,13,9,1,1,1,1,1
2014-08-28,13,7,17,8,7,1,1,1,1,1
2014-08-29,16,10,10,13,13,1,1,1,1,1
2014-08-30,22,17,17,13,12,1,1,1,1,1
2014-08-31,22,6,4,12,3,1,1,1,1,1
2014-09-01,11,0,16,15,5,0,0,1,1,0
2014-09-02,12,9,8,19,6,0,0,1,1,0
2014-09-03,20,14,9,7,2,0,0,1,1,0
2014-09-04,10,8,15,14,10,0,0,1,1,0
2014-09-05,13,4,5,18,9,0,0,1,1,0
2014-09-06,25,25,9,30,10,0,0,1,1,0
2014-09-07,5,1,8,9,4,0,0,1,1,0
2014-09-08,17,6,14,23,2,0,0,1,1,0
2014-09-09,9,3,11,15,7,0,0,1,1,0
2014-09-10,10,7,4,6,6,0,0,1,1,0
2014-09-11,23,18,18,20,13,0,0,1,1,0
2014-09-12,39,6,6,12,6,0,0,1,1,0
2014-09-13,15,6,1,25,4,0,0,1,1,0
2014-09-14,5,9,10,2,9,0,0,1,1,0
2014-09-15,15,7,13,25,6,0,0,1,1,0
2014-09-16,15,4,1,13,1,0,0,1,1,0
2014-09-17,16,3,0,6,5,0,0,0,1,0
2014-09-18,12,8,13,16,9,0,0,1,1,0
2014-09-19,25,7,11,21,11,0,0,1,1,0
2014-09-20,35,8,20,15,21,0,0,1,1,0
2014-09-21,12,2,6,6,6,0,0,1,1,0
2014-09-22,12,10,10,17,6,0,0,1,1,0
2014-09-23,12,2,3,29,5,0,0,1,1,0
2014-09-24,14,3,25,13,4,0,0,1,1,0
2014-09-25,26,5,7,12,6,0,0,1,1,0
2014-09-26,18,11,14,13,7,0,0,1,1,0
2014-09-27,31,7,22,31,5,0,0,1,1,0
2014-09-28,10,1,13,10,7,0,0,1,1,0
2014-09-29,20,6,26,5,2,0,0,1,1,0
2014-09-30,21,12,8,7,3,0,0,1,1,0
2014-10-01,11,9,21,14,5,0,0,1,1,0
2014-10-02,145,83,9,14,85,1,1,1,1,1
2014-10-03,99,65,16,17,59,1,1,1,1,1
2014-10-04,114,105,28,16,103,1,1,1,1,1
2014-10-05,105,55,1,16,55,1,1,1,1,1
2014-10-06,101,37,9,7,60,1,1,1,1,1
2014-10-07,50,26,4,4,15,1,1,1,1,1
2014-10-08,52,35,15,11,21,1,1,1,1,1
2014-10-09,45,35,5,6,30,1,1,1,1,1
2014-10-10,90,66,9,11,26,1,1,1,1,1
2014-10-11,106,66,34,25,45,1,1,1,1,1
2014-10-12,30,19,1,5,5,1,1,1,1,1
2014-10-13,24,39,12,13,3,1,1,1,1,1
2014-10-14,45,23,11,5,21,1,1,1,1,1
2014-10-15,19,0,12,9,17,1,0,1,1,1
2014-10-16,14,5,12,8,10,0,0,1,1,0
2014-10-17,20,3,10,20,14,0,0,1,1,0
2014-10-18,19,4,16,19,13,0,0,1,1,0
2014-10-19,13,3,6,4,1,0,0,1,1,0
2014-10-20,3,3,15,5,1,0,0,1,1,0
2014-10-21,6,4,13,12,10,0,0,1,1,0
2014-10-22,7,3,17,21,6,0,0,1,1,0
2014-10-23,16,6,6,8,7,0,0,1,1,0
2014-10-24,24,9,12,16,5,0,0,1,1,0
2014-10-25,25,11,33,13,6,0,0,1,1,0
2014-10-26,12,17,11,6,4,0,0,1,1,0
2014-10-27,2,5,10,15,1,0,0,1,1,0
2014-10-28,5,1,6,10,3,0,0,1,1,0
2014-10-29,19,2,11,21,10,0,0,1,1,0
2014-10-30,11,6,8,11,9,0,0,1,1,0
2014-10-31,13,10,23,29,8,0,0,1,1,0
2014-11-01,11,1,8,22,8,0,0,1,1,0
2014-11-02,16,5,4,9,1,0,0,1,1,0
2014-11-03,3,12,7,15,2,0,0,1,1,0
2014-11-04,7,11,20,12,3,0,0,1,1,0
2014-11-05,17,5,17,16,1,0,0,1,1,0
2014-11-06,12,4,6,10,3,0,0,1,1,0
2014-11-07,20,6,12,19,5,0,0,1,1,0
2014-11-08,21,11,31,18,18,0,0,1,1,0
2014-11-09,3,3,8,10,3,0,0,1,1,0
2014-11-10,6,6,6,11,2,0,0,1,1,0
2014-11-11,5,6,7,15,7,0,0,1,1,0
2014-11-12,13,11,8,9,14,0,0,1,1,0
2014-11-13,11,4,11,11,5,0,0,1,1,0
2014-11-14,20,8,11,16,4,0,0,1,1,0
2014-11-15,19,3,18,15,13,0,0,1,1,0
2014-11-16,4,1,3,5,4,0,0,1,1,0
2014-11-17,9,3,8,8,3,0,0,1,1,0
2014-11-18,1,1,9,6,5,0,0,1,1,0
2014-11-19,2,13,6,12,2,0,0,1,1,0
2014-11-20,14,6,9,11,5,0,0,1,1,0
2014-11-21,14,7,6,7,4,0,0,1,1,0
2014-11-22,9,8,12,12,13,0,0,1,1,0
2014-11-23,13,3,5,14,4,0,0,1,1,0
2014-11-24,10,4,5,15,4,0,0,1,1,0
2014-11-25,10,9,10,5,6,0,0,1,1,0
2014-11-26,11,7,14,6,4,0,0,1,1,0
2014-11-27,11,4,20,11,4,0,0,1,1,0
2014-11-28,12,8,12,24,3,0,0,1,1,0
2014-11-29,34,11,13,35,18,0,0,1,1,0
2014-11-30,14,3,8,6,0,0,0,1,1,0
2014-12-01,12,3,7,6,1,0,0,1,1,0
2014-12-02,13,9,3,7,4,0,0,1,1,0
2014-12-03,18,17,3,6,10,0,0,1,1,0
2014-12-04,21,5,11,12,11,0,0,1,1,0
2014-12-05,18,7,6,2,9,0,0,1,1,0
2014-12-06,27,6,8,10,12,0,0,1,1,0
2014-12-07,17,6,14,9,7,0,0,1,1,0
2014-12-08,5,9,13,6,2,0,0,1,1,0
2014-12-09,10,11,8,4,3,0,0,1,1,0
2014-12-10,9,10,11,10,11,0,0,1,1,0
2014-12-11,6,8,12,19,8,0,0,1,1,0
2014-12-12,16,5,11,13,20,0,0,1,1,0
2014-12-13,31,0,20,15,12,0,0,1,1,0
2014-12-14,6,8,19,7,7,0,0,1,1,0
2014-12-15,62,51,1,10,38,1,1,1,1,1
2014-12-16,27,48,7,17,24,1,1,1,1,1
2014-12-17,17,18,10,11,16,1,1,1,1,1
2014-12-18,33,12,2,11,25,1,1,1,1,1
2014-12-19,59,48,15,22,16,1,1,1,1,1
2014-12-20,106,124,20,18,52,1,1,1,1,1
2014-12-21,53,44,19,4,19,1,1,1,1,1
2014-12-22,44,22,18,15,29,1,1,1,1,1
2014-12-23,51,44,18,18,32,1,1,1,1,1
2014-12-24,32,44,7,21,36,1,1,1,1,1
2014-12-26,24,12,8,21,8,1,1,1,1,1
2014-12-27,31,7,12,14,18,0,0,1,1,0
2014-12-28,13,2,24,7,5,0,0,1,1,0
2014-12-29,22,7,8,10,20,0,0,1,1,0
2014-12-30,16,6,13,18,10,0,0,1,1,0
2014-12-31,35,5,8,27,13,0,0,1,1,0
2015-01-02,8,4,21,12,8,0,0,1,1,0
2015-01-03,31,10,15,15,11,0,0,1,1,0
2015-01-04,19,2,11,14,5,0,0,1,1,0
2015-01-05,14,28,10,17,14,0,0,1,1,0
2015-01-06,1,6,3,5,4,0,0,1,1,0
2015-01-07,7,7,17,14,16,0,0,1,1,0
2015-01-08,19,15,5,8,7,0,0,1,1,0
2015-01-09,22,9,17,18,12,0,0,1,1,0
2015-01-10,33,13,36,22,17,0,0,1,1,0
2015-01-11,8,0,3,10,3,0,0,1,1,0
2015-01-12,6,5,9,15,18,0,0,1,1,0
2015-01-13,15,6,8,10,11,0,0,1,1,0
2015-01-14,12,5,11,8,14,0,0,1,1,0
2015-01-15,10,7,7,12,23,0,0,1,1,0
2015-01-16,9,7,10,16,1,0,0,1,1,0
2015-01-17,21,8,21,12,8,0,0,1,1,0
2015-01-18,2,3,9,11,0,0,0,1,1,0
2015-01-19,13,9,14,7,7,0,0,1,1,0
2015-01-20,20,14,5,11,3,0,0,1,1,0
2015-01-21,16,2,6,14,19,0,0,1,1,0
2015-01-22,5,17,4,6,5,0,0,1,1,0
2015-01-23,19,2,15,17,6,0,0,1,1,0
2015-01-24,17,13,31,22,13,0,0,1,1,0
2015-01-25,19,4,8,6,2,0,0,1,1,0
2015-01-26,9,5,15,12,1,0,0,1,1,0
2015-01-27,16,6,12,5,1,0,0,1,1,0
2015-01-28,6,18,16,6,1,0,0,1,1,0
2015-01-29,61,64,10,21,62,1,1,1,1,1
2015-01-30,94,81,6,6,40,1,1,1,1,1
2015-01-31,144,77,20,16,84,1,1,1,1,1
2015-02-01,53,31,4,13,44,1,1,1,1,1
2015-02-02,53,24,11,15,26,1,1,1,1,1
2015-02-03,56,26,11,10,48,1,1,1,1,1
2015-02-04,27,13,9,17,24,1,1,1,1,1
2015-02-05,33,88,5,9,31,1,1,1,1,1
2015-02-06,33,64,21,15,40,1,1,1,1,1
2015-02-07,66,49,25,9,18,1,1,1,1,1
2015-02-08,11,19,12,2,7,1,1,1,1,1
2015-02-09,30,16,6,13,20,1,1,1,1,1
2015-02-10,19,36,8,9,22,1,1,1,1,1
2015-02-11,17,13,7,12,15,1,1,1,1,1
2015-02-12,10,10,11,8,13,0,0,1,1,0
2015-02-13,24,5,20,19,7,0,0,1,1,0
2015-02-14,19,11,21,18,8,0,0,1,1,0
2015-02-15,15,7,6,5,5,0,0,1,1,0
2015-02-16,9,11,14,9,5,0,0,1,1,0
2015-02-17,7,1,10,2,1,0,0,1,1,0
2015-02-18,7,3,14,8,0,0,0,1,1,0
2015-02-19,14,6,13,14,14,0,0,1,1,0
2015-02-20,13,11,18,8,7,0,0,1,1,0
2015-02-21,20,21,14,22,8,0,0,1,1,0
2015-02-22,5,3,6,8,3,0,0,1,1,0
2015-02-23,11,5,8,11,2,0,0,1,1,0
2015-02-24,6,4,6,8,3,0,0,1,1,0
2015-02-25,7,5,8,11,8,0,0,1,1,0
2015-02-26,7,2,7,18,7,0,0,1,1,0
2015-02-27,11,6,16,13,7,0,0,1,1,0
2015-02-28,16,7,16,9,8,0,0,1,1,0
2015-03-01,10,8,7,8,5,0,0,1,1,0
2015-03-02,8,5,7,6,9,0,0,1,1,0
2015-03-03,8,6,5,5,6,0,0,1,1,0
2015-03-04,11,5,6,9,11,0,0,1,1,0
2015-03-05,13,8,0,7,5,0,0,0,1,0
2015-03-06,9,16,23,21,7,0,0,1,1,0
2015-03-07,22,16,10,16,12,0,0,1,1,0
2015-03-08,14,3,5,10,2,0,0,1,1,0
2015-03-09,16,1,17,7,6,0,0,1,1,0
2015-03-10,7,5,8,14,10,0,0,1,1,0
2015-03-11,13,6,15,10,22,0,0,1,1,0
2015-03-12,18,10,9,7,1,0,0,1,1,0
2015-03-13,15,19,10,15,4,0,0,1,1,0
2015-03-14,21,1,17,21,9,0,0,1,1,0
2015-03-15,15,6,2,16,9,0,0,1,1,0
2015-03-16,11,2,6,7,1,0,0,1,1,0
2015-03-17,14,3,11,2,2,0,0,1,1,0
2015-03-18,6,6,9,8,13,0,0,1,1,0
2015-03-19,15,6,26,9,8,0,0,1,1,0
2015-03-20,16,6,14,21,7,0,0,1,1,0
2015-03-21,28,8,18,23,8,0,0,1,1,0
2015-03-22,0,14,5,6,1,0,0,1,1,0
2015-03-23,0,5,11,14,6,0,0,1,1,0
2015-03-24,0,4,3,21,2,0,0,1,1,0
2015-03-25,1,2,5,3,3,0,0,1,1,0
2015-03-26,46,51,14,4,95,1,1,1,1,1
2015-03-27,52,50,11,17,41,1,1,1,1,1
2015-03-28,79,79,13,22,74,1,1,1,1,1
2015-03-29,20,13,5,10,22,1,1,1,1,1
2015-03-30,20,38,9,11,20,1,1,1,1,1
2015-03-31,20,38,12,18,27,1,1,1,1,1
2015-04-01,37,43,12,14,31,1,1,1,1,1
2015-04-02,45,47,16,14,34,1,1,1,1,1
2015-04-03,39,33,27,27,38,1,1,1,1,1
2015-04-04,58,37,30,16,36,1,1,1,1,1
2015-04-06,12,8,8,12,10,1,1,1,1,1
2015-04-07,14,16,13,18,10,0,0,1,1,0
2015-04-08,9,5,12,15,17,0,0,1,1,0
2015-04-09,14,9,13,15,7,0,0,1,1,0
2015-04-10,16,4,8,14,3,0,0,1,1,0
2015-04-11,23,15,26,25,12,0,0,1,1,0
2015-04-12,4,4,9,5,2,0,0,1,1,0
2015-04-13,23,3,15,5,8,0,0,1,1,0
2015-04-14,11,6,3,19,9,0,0,1,1,0
2015-04-15,25,9,16,13,7,0,0,1,1,0
2015-04-16,18,14,14,8,15,0,0,1,1,0
2015-04-17,26,15,23,24,5,0,0,1,1,0
2015-04-18,25,13,6,18,18,0,0,1,1,0
2015-04-19,14,2,11,11,8,0,0,1,1,0
2015-04-20,19,5,22,15,9,0,0,1,1,0
2015-04-21,8,6,16,5,11,0,0,1,1,0
2015-04-22,14,14,16,16,7,0,0,1,1,0
2015-04-23,12,5,11,11,3,0,0,1,1,0
2015-04-24,15,13,15,19,15,0,0,1,1,0
2015-04-25,29,3,11,16,10,0,0,1,1,0
2015-04-26,8,5,3,2,6,0,0,1,1,0
2015-04-27,8,1,7,18,2,0,0,1,1,0
2015-04-28,8,18,8,6,9,0,0,1,1,0
2015-04-29,14,4,12,20,9,0,0,1,1,0
2015-04-30,17,4,20,24,15,0,0,1,1,0
2015-05-02,24,10,20,32,17,0,0,1,1,0
2015-05-03,5,3,7,7,9,0,0,1,1,0
2015-05-04,8,4,15,15,5,0,0,1,1,0
2015-05-05,14,16,9,14,13,0,0,1,1,0
2015-05-06,19,10,13,15,9,0,0,1,1,0
2015-05-07,9,7,10,12,6,0,0,1,1,0
2015-05-08,34,3,13,23,8,0,0,1,1,0
2015-05-09,17,9,16,14,13,0,0,1,1,0
2015-05-10,5,1,8,11,3,0,0,1,1,0
2015-05-11,15,8,13,13,13,0,0,1,1,0
2015-05-12,11,2,12,14,4,0,0,1,1,0
2015-05-13,15,4,12,10,0,0,0,1,1,0
2015-05-14,71,30,8,15,52,1,1,1,1,1
2015-05-15,144,84,10,10,96,1,1,1,1,1
2015-05-16,207,111,19,21,296,1,1,1,1,1
2015-05-17,50,51,10,6,36,1,1,1,1,1
2015-05-18,96,71,19,8,64,1,1,1,1,1
2015-05-19,117,85,17,15,69,1,1,1,1,1
2015-05-20,104,101,12,4,43,1,1,1,1,1
2015-05-21,83,60,9,14,89,1,1,1,1,1
2015-05-22,95,59,27,17,58,1,1,1,1,1
2015-05-23,123,143,27,27,81,1,1,1,1,1
2015-05-24,29,42,5,13,22,1,1,1,1,1
2015-05-25,55,41,12,8,53,1,1,1,1,1
2015-05-26,74,49,17,5,33,1,1,1,1,1
2015-05-27,13,14,16,5,13,1,1,1,1,1
2015-05-28,8,2,11,16,6,0,0,1,1,0
2015-05-29,14,7,8,22,7,0,0,1,1,0
2015-05-30,22,8,22,27,12,0,0,1,1,0
2015-05-31,3,3,7,4,0,0,0,1,1,0
2015-06-01,11,3,15,26,3,0,0,1,1,0
2015-06-02,17,2,15,14,5,0,0,1,1,0
2015-06-03,31,15,12,12,8,0,0,1,1,0
2015-06-04,11,5,13,5,5,0,0,1,1,0
2015-06-05,12,6,14,13,15,0,0,1,1,0
2015-06-06,34,12,31,43,9,0,0,1,1,0
2015-06-07,6,8,6,5,3,0,0,1,1,0
2015-06-08,8,6,6,10,9,0,0,1,1,0
2015-06-09,18,11,11,7,1,0,0,1,1,0
2015-06-10,4,11,10,19,2,0,0,1,1,0
2015-06-11,18,8,8,3,3,0,0,1,1,0
2015-06-12,11,6,11,12,3,0,0,1,1,0
2015-06-13,10,3,14,9,12,0,0,1,1,0
2015-06-14,4,4,13,6,2,0,0,1,1,0
2015-06-15,6,2,5,11,7,0,0,1,1,0
2015-06-16,8,6,6,10,7,0,0,1,1,0
2015-06-17,10,5,19,8,5,0,0,1,1,0
2015-06-18,5,2,9,11,1,0,0,1,1,0
2015-06-19,14,11,6,6,3,0,0,1,1,0
2015-06-20,25,6,14,21,11,0,0,1,1,0
2015-06-21,8,5,1,3,3,0,0,1,1,0
2015-06-22,9,5,6,2,6,0,0,1,1,0
2015-06-23,11,4,5,11,2,0,0,1,1,0
2015-06-24,10,7,11,8,4,0,0,1,1,0
2015-06-25,5,1,11,5,4,0,0,1,1,0
2015-06-26,21,2,5,16,7,0,0,1,1,0
2015-06-27,17,3,12,18,7,0,0,1,1,0
2015-06-28,6,5,3,11,3,0,0,1,1,0
2015-06-29,4,4,5,18,3,0,0,1,1,0
2015-06-30,15,5,8,8,10,0,0,1,1,0
2015-07-01,12,9,8,11,6,0,0,1,1,0
2015-07-02,15,2,11,4,5,0,0,1,1,0
2015-07-03,17,2,20,12,11,0,0,1,1,0
2015-07-04,8,11,16,9,3,0,0,1,1,0
2015-07-05,9,3,5,17,1,0,0,1,1,0
2015-07-06,7,5,9,7,1,0,0,1,1,0
2015-07-07,11,8,7,2,11,0,0,1,1,0
2015-07-08,12,2,9,7,4,0,0,1,1,0
2015-07-09,18,5,14,12,13,0,0,1,1,0
2015-07-10,15,9,12,18,2,0,0,1,1,0
2015-07-11,22,9,41,16,8,0,0,1,1,0
2015-07-12,4,0,15,15,2,0,0,1,1,0
2015-07-13,15,3,4,8,9,0,0,1,1,0
2015-07-14,9,7,1,4,5,0,0,1,1,0
2015-07-15,10,8,10,9,10,0,0,1,1,0
2015-07-16,17,10,5,3,2,0,0,1,1,0
2015-07-17,28,7,9,16,4,0,0,1,1,0
2015-07-18,28,6,14,13,5,0,0,1,1,0
2015-07-19,6,6,13,10,5,0,0,1,1,0
2015-07-20,18,7,8,4,6,0,0,1,1,0
2015-07-21,5,2,15,3,2,0,0,1,1,0
2015-07-22,10,3,15,6,1,0,0,1,1,0
2015-07-23,16,4,14,17,4,0,0,1,1,0
2015-07-24,25,19,9,11,6,0,0,1,1,0
2015-07-25,25,6,12,19,6,0,0,1,1,0
2015-07-26,17,2,5,6,6,0,0,1,1,0
2015-07-27,17,7,21,12,5,0,0,1,1,0
2015-07-28,12,9,9,8,7,0,0,1,1,0
2015-07-29,14,6,10,5,6,0,0,1,1,0
2015-07-30,15,4,4,16,6,0,0,1,1,0
2015-07-31,19,6,16,19,5,0,0,1,1,0
2015-08-01,34,9,15,24,15,0,0,1,1,0
2015-08-02,7,11,2,10,6,0,0,1,1,0
2015-08-03,7,11,4,8,7,0,0,1,1,0
2015-08-04,14,7,7,14,5,0,0,1,1,0
2015-08-05,15,8,6,10,7,0,0,1,1,0
2015-08-06,12,4,7,10,2,0,0,1,1,0
2015-08-07,22,6,14,18,12,0,0,1,1,0
2015-08-08,23,6,3,16,12,0,0,1,1,0
2015-08-09,7,3,6,5,0,0,0,1,1,0
2015-08-10,10,2,7,10,8,0,0,1,1,0
2015-08-11,20,8,4,4,2,0,0,1,1,0
2015-08-12,24,3,10,10,4,0,0,1,1,0
2015-08-13,8,9,9,6,9,0,0,1,1,0
2015-08-14,39,2,10,34,7,0,0,1,1,0
2015-08-16,10,4,14,4,2,0,0,1,1,0
2015-08-17,7,2,5,18,5,0,0,1,1,0
2015-08-18,12,6,11,4,4,0,0,1,1,0
2015-08-19,0,2,3,8,4,0,0,1,1,0
2015-08-20,108,62,8,15,0,1,1,1,1,0
2015-08-21,89,46,1,7,7,1,1,1,1,1
2015-08-22,88,59,15,16,10,1,1,1,1,1
2015-08-23,49,63,5,2,2,1,1,1,1,1
2015-08-24,55,59,16,12,10,1,1,1,1,1
2015-08-25,31,50,12,12,0,1,1,1,1,0
2015-08-26,80,35,13,13,15,1,1,1,1,1
2015-08-27,98,71,7,9,22,1,1,1,1,1
2015-08-28,129,28,8,17,29,1,1,1,1,1
2015-08-29,52,15,31,18,36,1,1,1,1,1
2015-08-30,42,40,7,6,46,1,1,1,1,1
2015-08-31,34,46,8,15,12,1,1,1,1,1
2015-09-01,37,19,8,17,12,1,1,1,1,1
2015-09-02,11,13,8,8,7,1,1,1,1,1
2015-09-03,24,1,8,10,4,0,0,1,1,0
2015-09-04,19,5,16,15,9,0,0,1,1,0
2015-09-05,49,15,3,23,10,0,0,1,1,0
2015-09-06,15,3,7,8,3,0,0,1,1,0
2015-09-07,27,7,14,13,7,0,0,1,1,0
2015-09-08,21,3,8,14,3,0,0,1,1,0
2015-09-09,17,1,9,8,5,0,0,1,1,0
2015-09-10,18,4,8,14,3,0,0,1,1,0
2015-09-11,18,11,11,15,5,0,0,1,1,0
2015-09-12,28,7,24,24,25,0,0,1,1,0
2015-09-13,25,8,9,7,3,0,0,1,1,0
2015-09-14,8,8,7,8,17,0,0,1,1,0
2015-09-15,13,3,16,11,5,0,0,1,1,0
2015-09-16,24,3,10,9,8,0,0,1,1,0
2015-09-17,22,3,14,17,9,0,0,1,1,0
2015-09-18,38,4,17,10,14,0,0,1,1,0
2015-09-19,39,10,28,23,13,0,0,1,1,0
2015-09-20,13,4,11,6,5,0,0,1,1,0
2015-09-21,23,9,10,7,6,0,0,1,1,0
2015-09-22,18,4,18,8,5,0,0,1,1,0
2015-09-23,24,6,16,15,4,0,0,1,1,0
2015-09-24,13,16,2,6,13,0,0,1,1,0
2015-09-25,17,8,14,18,7,0,0,1,1,0
2015-09-26,17,9,33,21,14,0,0,1,1,0
2015-09-27,11,3,3,7,8,0,0,1,1,0
2015-09-28,10,6,7,23,4,0,0,1,1,0
2015-09-29,32,4,16,8,7,0,0,1,1,0
2015-09-30,20,5,12,7,20,0,0,1,1,0
2015-10-01,148,59,9,7,87,1,1,1,1,1
2015-10-02,145,62,7,8,123,1,1,1,1,1
2015-10-03,173,122,16,22,76,1,1,1,1,1
2015-10-04,78,52,4,7,22,1,1,1,1,1
2015-10-05,60,33,13,13,10,1,1,1,1,1
2015-10-06,92,56,12,5,33,1,1,1,1,1
2015-10-07,106,58,2,10,58,1,1,1,1,1
2015-10-08,52,31,10,6,48,1,1,1,1,1
2015-10-09,63,37,25,14,26,1,1,1,1,1
2015-10-10,99,96,14,12,85,1,1,1,1,1
2015-10-11,21,41,1,8,39,1,1,1,1,1
2015-10-12,56,41,12,3,45,1,1,1,1,1
2015-10-13,42,37,6,9,26,1,1,1,1,1
2015-10-14,59,36,5,6,51,1,1,1,1,1
2015-10-15,5,1,7,7,3,0,0,1,1,0
2015-10-16,15,8,15,13,5,0,0,1,1,0
2015-10-17,15,18,3,7,12,0,0,1,1,0
2015-10-18,14,0,5,5,2,0,0,1,1,0
2015-10-19,6,2,9,5,7,0,0,1,1,0
2015-10-20,5,2,10,5,7,0,0,1,1,0
2015-10-21,14,2,4,11,4,0,0,1,1,0
2015-10-22,11,3,8,10,1,0,0,1,1,0
2015-10-23,25,8,7,6,15,0,0,1,1,0
2015-10-24,24,12,18,23,9,0,0,1,1,0
2015-10-25,12,1,5,0,7,0,0,1,0,0
2015-10-26,7,4,12,7,4,0,0,1,1,0
2015-10-27,12,6,10,9,2,0,0,1,1,0
2015-10-28,8,15,15,6,6,0,0,1,1,0
2015-10-29,15,3,12,9,6,0,0,1,1,0
2015-10-30,6,4,13,13,7,0,0,1,1,0
2015-10-31,40,11,14,24,10,0,0,1,1,0
2015-11-01,14,3,5,14,2,0,0,1,1,0
2015-11-02,27,14,8,12,7,0,0,1,1,0
2015-11-03,18,4,14,7,1,0,0,1,1,0
2015-11-04,20,12,7,5,1,0,0,1,1,0
2015-11-05,4,2,5,9,1,0,0,1,1,0
2015-11-06,12,10,12,12,8,0,0,1,1,0
2015-11-07,21,5,26,30,7,0,0,1,1,0
2015-11-08,14,5,7,6,7,0,0,1,1,0
2015-11-09,10,2,7,16,4,0,0,1,1,0
2015-11-10,11,6,12,3,3,0,0,1,1,0
2015-11-11,12,2,10,15,6,0,0,1,1,0
2015-11-12,7,1,13,10,1,0,0,1,1,0
2015-11-13,8,10,9,12,6,0,0,1,1,0
2015-11-14,30,7,20,18,12,0,0,1,1,0
2015-11-15,19,7,5,9,10,0,0,1,1,0
2015-11-16,8,2,7,7,6,0,0,1,1,0
2015-11-17,7,8,16,9,8,0,0,1,1,0
2015-11-18,8,3,4,9,14,0,0,1,1,0
2015-11-19,18,8,2,3,5,0,0,1,1,0
2015-11-20,23,5,18,16,7,0,0,1,1,0
2015-11-21,20,5,25,13,16,0,0,1,1,0
2015-11-22,11,7,16,5,2,0,0,1,1,0
2015-11-23,7,5,5,7,3,0,0,1,1,0
2015-11-24,19,5,19,9,7,0,0,1,1,0
2015-11-25,13,19,13,12,9,0,0,1,1,0
2015-11-26,15,3,16,9,0,0,0,1,1,0
2015-11-27,27,6,10,16,4,0,0,1,1,0
2015-11-28,21,9,29,24,12,0,0,1,1,0
2015-11-29,8,4,12,11,1,0,0,1,1,0
2015-11-30,10,4,19,9,4,0,0,1,1,0
2015-12-01,13,4,17,11,4,0,0,1,1,0
2015-12-02,4,6,17,3,4,0,0,1,1,0
2015-12-03,23,2,7,4,7,0,0,1,1,0
2015-12-04,27,6,15,8,7,0,0,1,1,0
2015-12-05,20,7,32,22,2,0,0,1,1,0
2015-12-06,16,6,6,4,6,0,0,1,1,0
2015-12-07,12,6,10,21,10,0,0,1,1,0
2015-12-08,9,4,0,5,1,0,0,0,1,0
2015-12-09,10,1,2,17,4,0,0,1,1,0
2015-12-10,8,4,13,13,9,0,0,1,1,0
2015-12-11,24,5,26,12,9,0,0,1,1,0
2015-12-12,35,25,32,25,30,1,1,1,1,1
2015-12-13,27,22,14,9,38,1,1,1,1,1
2015-12-14,53,28,6,9,23,1,1,1,1,1
2015-12-15,48,49,4,5,23,1,1,1,1,1
2015-12-16,31,31,14,8,15,1,1,1,1,1
2015-12-17,73,17,16,6,19,1,1,1,1,1
2015-12-18,62,69,13,4,26,1,1,1,1,1
2015-12-19,64,48,4,32,23,1,1,1,1,1
2015-12-20,5,10,1,11,8,1,1,1,1,1
2015-12-21,30,28,0,5,32,1,1,0,1,1
2015-12-22,53,23,1,10,23,1,1,1,1,1
2015-12-23,56,28,0,12,39,1,1,0,1,1
2015-12-24,35,51,0,25,27,1,1,0,1,1
2015-12-26,0,18,7,14,22,0,1,1,1,1
2015-12-27,0,6,19,24,13,0,1,1,1,1
2015-12-28,0,13,15,15,1,0,0,1,1,0
2015-12-29,1,7,10,15,6,0,0,1,1,0
2015-12-30,26,8,22,12,15,0,0,1,1,0
2015-12-31,25,15,23,21,8,0,0,1,1,0
2016-01-02,20,9,21,17,9,0,0,1,1,0
2016-01-03,7,4,3,10,1,0,0,1,1,0
2016-01-04,9,2,10,5,13,0,0,1,1,0
2016-01-05,28,9,13,10,6,0,0,1,1,0
2016-01-06,10,0,10,5,1,0,0,1,1,0
2016-01-07,8,3,11,13,5,0,0,1,1,0
2016-01-08,20,12,13,15,8,0,0,1,1,0
2016-01-09,18,21,25,22,14,0,0,1,1,0
2016-01-10,11,6,7,0,2,0,0,1,0,0
2016-01-11,21,7,15,8,12,0,0,1,1,0
2016-01-12,7,6,8,13,7,0,0,1,1,0
2016-01-13,8,3,12,7,14,0,0,1,1,0
2016-01-14,17,5,14,14,3,0,0,1,1,0
2016-01-15,16,7,17,12,15,0,0,1,1,0
2016-01-16,21,12,9,28,11,0,0,1,1,0
2016-01-17,16,5,5,17,3,0,0,1,1,0
2016-01-18,5,10,14,10,4,0,0,1,1,0
2016-01-19,3,4,11,7,10,0,0,1,1,0
2016-01-20,9,8,21,12,23,0,0,1,1,0
2016-01-21,143,72,9,8,74,1,1,1,1,1
2016-01-22,88,74,12,11,44,1,1,1,1,1
2016-01-23,93,64,11,17,80,1,1,1,1,1
2016-01-24,44,66,11,4,30,1,1,1,1,1
2016-01-25,34,29,9,5,43,1,1,1,1,1
2016-01-26,30,38,13,10,26,1,1,1,1,1
2016-01-27,46,41,8,2,26,1,1,1,1,1
2016-01-28,94,45,14,8,60,1,1,1,1,1
2016-01-29,62,30,10,4,43,1,1,1,1,1
2016-01-30,80,73,17,26,95,1,1,1,1,1
2016-01-31,15,54,15,5,22,1,1,1,1,1
2016-02-01,59,68,12,16,5,1,1,1,1,1
2016-02-02,99,25,17,10,76,1,1,1,1,1
2016-02-03,16,14,3,4,13,1,1,1,1,1
2016-02-04,5,12,6,5,5,0,0,1,1,0
2016-02-05,13,12,15,5,1,0,0,1,1,0
2016-02-06,24,9,19,21,10,0,0,1,1,0
2016-02-07,6,2,12,8,4,0,0,1,1,0
2016-02-08,9,5,9,4,13,0,0,1,1,0
2016-02-09,9,2,19,10,5,0,0,1,1,0
2016-02-10,3,3,10,9,0,0,0,1,1,0
2016-02-11,11,2,8,0,1,0,0,1,0,0
2016-02-12,16,3,3,9,2,0,0,1,1,0
2016-02-13,20,16,31,19,19,0,0,1,1,0
2016-02-14,7,4,4,6,0,0,0,1,1,0
2016-02-15,7,11,2,6,9,0,0,1,1,0
2016-02-16,5,5,5,6,2,0,0,1,1,0
2016-02-17,3,1,6,3,1,0,0,1,1,0
2016-02-18,13,3,7,8,4,0,0,1,1,0
2016-02-19,10,4,3,11,8,0,0,1,1,0
2016-02-20,25,13,27,17,6,0,0,1,1,0
2016-02-21,10,1,7,10,2,0,0,1,1,0
2016-02-22,4,5,19,4,8,0,0,1,1,0
2016-02-23,19,5,6,6,8,0,0,1,1,0
2016-02-24,6,3,14,10,1,0,0,1,1,0
2016-02-25,9,1,18,7,2,0,0,1,1,0
2016-02-26,30,7,13,11,9,0,0,1,1,0
2016-02-27,22,3,22,23,10,0,0,1,1,0
2016-02-28,6,1,7,9,0,0,0,1,1,0
2016-02-29,15,7,3,10,9,0,0,1,1,0
2016-03-01,11,5,7,14,2,0,0,1,1,0
2016-03-02,8,4,19,7,7,0,0,1,1,0
2016-03-03,18,7,7,4,0,0,0,1,1,0
2016-03-04,12,20,11,20,5,0,0,1,1,0
2016-03-05,34,19,27,30,26,0,0,1,1,0
2016-03-06,20,7,19,12,8,0,0,1,1,0
2016-03-07,11,0,6,10,1,0,0,1,1,0
2016-03-08,13,3,10,8,3,0,0,1,1,0
2016-03-09,6,3,17,6,3,0,0,1,1,0
2016-03-10,8,5,14,4,7,0,0,1,1,0
2016-03-11,21,11,20,13,9,0,0,1,1,0
2016-03-12,26,12,31,25,12,0,0,1,1,0
2016-03-13,8,13,2,9,4,0,0,1,1,0
2016-03-14,9,4,26,5,5,0,0,1,1,0
2016-03-15,19,8,22,17,1,0,0,1,1,0
2016-03-16,8,2,22,6,3,0,0,1,1,0
2016-03-17,64,33,13,25,23,1,1,1,1,1
2016-03-18,84,69,6,3,25,1,1,1,1,1
2016-03-19,105,55,21,13,58,1,1,1,1,1
2016-03-20,45,15,16,10,19,1,1,1,1,1
2016-03-21,46,24,18,12,26,1,1,1,1,1
2016-03-22,63,29,12,15,17,1,1,1,1,1
2016-03-23,36,24,13,4,38,1,1,1,1,1
2016-03-24,50,28,10,21,22,1,1,1,1,1
2016-03-25,70,35,18,12,44,1,1,1,1,1
2016-03-26,104,81,19,28,40,1,1,1,1,1
2016-03-28,21,7,9,12,6,1,1,1,1,1
2016-03-29,14,2,19,9,6,0,0,1,1,0
2016-03-30,14,6,12,7,3,0,0,1,1,0
2016-03-31,16,3,25,17,7,0,0,1,1,0
2016-04-01,25,8,11,6,5,0,0,1,1,0
2016-04-02,33,13,29,23,6,0,0,1,1,0
2016-04-03,10,4,14,7,5,0,0,1,1,0
2016-04-04,11,7,19,34,3,0,0,1,1,0
2016-04-05,11,6,5,13,6,0,0,1,1,0
2016-04-06,16,13,22,2,10,0,0,1,1,0
2016-04-07,5,3,18,0,0,0,0,1,0,0
2016-04-08,32,7,27,18,6,0,0,1,1,0
2016-04-09,27,0,38,22,18,0,0,1,1,0
2016-04-10,8,3,7,6,1,0,0,1,1,0
2016-04-11,9,6,9,14,9,0,0,1,1,0
2016-04-12,9,2,9,6,6,0,0,1,1,0
2016-04-13,10,11,9,12,6,0,0,1,1,0
2016-04-14,32,5,7,14,13,0,0,1,1,0
2016-04-15,14,10,17,17,9,0,0,1,1,0
2016-04-16,31,8,19,6,14,0,0,1,1,0
2016-04-17,11,2,18,3,5,0,0,1,1,0
2016-04-18,7,5,16,4,10,0,0,1,1,0
2016-04-19,13,1,3,6,8,0,0,1,1,0
2016-04-20,9,5,10,9,2,0,0,1,1,0
2016-04-21,13,1,1,5,6,0,0,1,1,0
2016-04-22,12,22,2,16,11,0,0,1,1,0
2016-04-23,37,8,4,21,14,0,0,1,1,0
2016-04-24,15,1,10,5,5,0,0,1,1,0
2016-04-25,4,0,9,6,4,0,0,1,1,0
2016-04-26,13,2,15,13,7,0,0,1,1,0
2016-04-27,15,3,17,12,5,0,0,1,1,0
2016-04-28,19,1,3,7,7,0,0,1,1,0
2016-04-29,14,8,16,12,3,0,0,1,1,0
2016-04-30,18,13,33,15,7,0,0,1,1,0
2016-05-02,21,20,28,12,4,0,0,1,1,0
2016-05-03,9,3,6,4,7,0,0,1,1,0
2016-05-04,20,5,10,5,15,0,0,1,1,0
2016-05-05,132,83,16,11,66,1,1,1,1,1
2016-05-06,135,60,67,26,58,1,1,1,1,1
2016-05-07,168,103,17,8,81,1,1,1,1,1
2016-05-08,68,39,15,13,25,1,1,1,1,1
2016-05-09,49,70,15,6,26,1,1,1,1,1
2016-05-10,63,47,11,2,20,1,1,1,1,1
2016-05-11,89,41,34,3,41,1,1,1,1,1
2016-05-12,61,53,19,9,43,1,1,1,1,1
2016-05-13,88,44,10,10,46,1,1,1,1,1
2016-05-14,129,86,7,6,98,1,1,1,1,1
2016-05-15,106,39,4,6,147,1,1,1,1,1
2016-05-16,56,42,17,1,48,1,1,1,1,1
2016-05-17,45,34,18,12,13,1,1,1,1,1
2016-05-18,34,15,17,7,8,1,1,1,1,1
2016-05-19,10,15,17,7,5,0,0,1,1,0
2016-05-20,15,2,20,10,3,0,0,1,1,0
2016-05-21,23,7,15,12,8,0,0,1,1,0
2016-05-22,4,0,5,11,5,0,0,1,1,0
2016-05-23,12,2,25,5,2,0,0,1,1,0
2016-05-24,11,7,2,10,5,0,0,1,1,0
2016-05-25,6,3,13,4,8,0,0,1,1,0
2016-05-26,9,2,10,4,4,0,0,1,1,0
2016-05-27,13,7,12,15,5,0,0,1,1,0
2016-05-28,23,5,29,20,8,0,0,1,1,0
2016-05-29,11,0,7,3,0,0,0,1,1,0
2016-05-30,25,4,15,11,6,0,0,1,1,0
2016-05-31,18,3,20,14,2,0,0,1,1,0
2016-06-01,11,6,12,29,4,0,0,1,1,0
2016-06-02,6,6,14,4,3,0,0,1,1,0
2016-06-03,20,5,14,8,31,0,0,1,1,0
2016-06-04,14,4,11,9,29,0,0,1,1,0
2016-06-05,12,4,8,4,2,0,0,1,1,0
2016-06-06,5,4,7,4,3,0,0,1,1,0
2016-06-07,12,3,16,4,0,0,0,1,1,0
2016-06-08,4,2,3,6,10,0,0,1,1,0
2016-06-09,9,2,23,7,9,0,0,1,1,0
2016-06-10,20,8,6,16,13,0,0,1,1,0
2016-06-11,17,15,9,18,10,0,0,1,1,0
2016-06-12,8,3,6,10,0,0,0,1,1,0
2016-06-13,3,5,7,14,15,0,0,1,1,0
2016-06-14,20,11,17,6,6,0,0,1,1,0
2016-06-15,5,1,12,5,4,0,0,1,1,0
2016-06-16,8,40,17,6,14,0,0,1,1,0
2016-06-17,33,7,13,9,8,0,0,1,1,0
2016-06-18,29,6,15,40,11,0,0,1,1,0
2016-06-19,16,2,9,13,4,0,0,1,1,0
2016-06-20,11,5,22,9,10,0,0,1,1,0
2016-06-21,6,3,6,15,8,0,0,1,1,0
2016-06-22,8,3,20,16,4,0,0,1,1,0
2016-06-23,15,15,11,15,6,0,0,1,1,0
2016-06-24,28,8,22,17,18,0,0,1,1,0
2016-06-25,22,12,18,15,9,0,0,1,1,0
2016-06-26,3,2,11,8,5,0,0,1,1,0
2016-06-27,13,3,12,14,6,0,0,1,1,0
2016-06-28,12,4,16,8,4,0,0,1,1,0
2016-06-29,11,5,14,10,4,0,0,1,1,0
2016-06-30,18,4,6,4,4,0,0,1,1,0
2016-07-01,28,5,21,9,13,0,0,1,1,0
2016-07-02,25,6,17,14,8,0,0,1,1,0
2016-07-03,7,1,9,4,4,0,0,1,1,0
2016-07-04,4,5,6,10,2,0,0,1,1,0
2016-07-05,5,5,13,6,2,0,0,1,1,0
2016-07-06,3,3,14,8,5,0,0,1,1,0
2016-07-07,10,14,11,7,4,0,0,1,1,0
2016-07-08,29,5,17,15,8,0,0,1,1,0
2016-07-09,20,11,21,16,10,0,0,1,1,0
2016-07-10,12,0,5,7,7,0,0,1,1,0
2016-07-11,13,8,9,27,12,0,0,1,1,0
2016-07-12,8,2,12,8,4,0,0,1,1,0
2016-07-13,4,13,9,8,10,0,0,1,1,0
2016-07-14,51,57,20,9,76,1,1,1,1,1
2016-07-15,60,92,12,8,93,1,1,1,1,1
2016-07-16,93,84,15,26,81,1,1,1,1,1
2016-07-17,68,53,4,3,61,1,1,1,1,1
2016-07-18,59,21,15,8,32,1,1,1,1,1
2016-07-19,35,35,15,8,21,1,1,1,1,1
2016-07-20,37,20,10,3,33,1,1,1,1,1
2016-07-21,13,51,14,14,24,1,1,1,1,1
2016-07-22,15,79,24,12,33,1,1,1,1,1
2016-07-23,76,65,15,5,52,1,1,1,1,1
2016-07-24,1,38,10,9,14,1,1,1,1,1
2016-07-25,20,35,11,7,41,1,1,1,1,1
2016-07-26,38,41,11,2,55,1,1,1,1,1
2016-07-27,45,20,10,11,14,1,1,1,1,1
2016-07-28,30,22,13,18,10,0,0,1,1,0
2016-07-29,30,21,13,8,14,0,0,1,1,0
2016-07-30,47,23,10,16,29,0,0,1,1,0
2016-07-31,27,15,7,3,6,0,0,1,1,0
2016-08-01,38,13,17,3,11,0,0,1,1,0
2016-08-02,22,16,5,13,19,0,0,1,1,0
2016-08-03,17,6,12,14,7,0,0,1,1,0
2016-08-04,14,14,13,8,9,0,0,1,1,0
2016-08-05,34,16,25,20,23,0,0,1,1,0
2016-08-06,23,24,4,13,23,0,0,1,1,0
2016-08-07,23,8,8,6,12,0,0,1,1,0
2016-08-08,18,19,10,15,21,0,0,1,1,0
2016-08-09,22,10,14,7,11,0,0,1,1,0
2016-08-10,22,15,11,9,11,0,0,1,1,0
2016-08-11,20,9,3,7,21,0,0,1,1,0
2016-08-12,28,17,10,12,10,0,0,1,1,0
2016-08-13,35,5,8,11,17,0,0,1,1,0
2016-08-14,12,14,6,8,12,0,0,1,1,0
2016-08-16,10,8,10,11,15,0,0,1,1,0
2016-08-17,17,4,7,12,11,0,0,1,1,0
2016-08-18,16,25,4,10,17,0,0,1,1,0
2016-08-19,19,7,14,18,25,0,0,1,1,0
2016-08-20,18,9,17,13,27,0,0,1,1,0
2016-08-21,7,10,8,9,12,0,0,1,1,0
2016-08-22,13,6,9,16,16,0,0,1,1,0
2016-08-23,11,15,10,14,16,0,0,1,1,0
2016-08-24,14,15,17,8,12,0,0,1,1,0
2016-08-25,11,9,16,18,8,0,0,1,1,0
2016-08-26,17,13,10,18,17,0,0,1,1,0
2016-08-27,23,13,16,17,19,0,0,1,1,0
2016-08-28,16,7,13,12,8,0,0,1,1,0
2016-08-29,13,6,9,16,9,0,0,1,1,0
2016-08-30,29,16,14,10,2,0,0,1,1,0
2016-08-31,10,1,22,6,3,0,0,1,1,0
2016-09-01,14,3,20,16,2,0,0,1,1,0
2016-09-02,32,5,14,14,13,0,0,1,1,0
2016-09-03,39,7,12,10,12,0,0,1,1,0
2016-09-04,9,2,6,10,5,0,0,1,1,0
2016-09-05,25,6,16,16,1,0,0,1,1,0
2016-09-06,14,12,7,12,4,0,0,1,1,0
2016-09-07,13,9,14,12,8,0,0,1,1,0
2016-09-08,17,4,11,9,3,0,0,1,1,0
2016-09-09,15,6,17,8,7,0,0,1,1,0
2016-09-10,38,15,25,31,10,0,0,1,1,0
2016-09-11,7,2,4,6,3,0,0,1,1,0
2016-09-12,16,5,8,7,6,0,0,1,1,0
2016-09-13,14,6,15,1,5,0,0,1,1,0
2016-09-14,21,11,5,6,4,0,0,1,1,0
2016-09-15,16,16,13,9,2,0,0,1,1,0
2016-09-16,22,7,16,15,2,0,0,1,1,0
2016-09-17,33,9,22,18,15,0,0,1,1,0
2016-09-18,21,4,5,7,10,0,0,1,1,0
2016-09-19,8,2,13,7,5,0,0,1,1,0
2016-09-20,6,4,9,2,8,0,0,1,1,0
2016-09-21,11,6,16,10,3,0,0,1,1,0
2016-09-22,132,97,6,13,54,1,1,1,1,1
2016-09-23,115,97,25,18,43,1,1,1,1,1
2016-09-24,105,97,12,18,44,1,1,1,1,1
2016-09-25,51,79,2,7,2,1,1,1,1,1
2016-09-26,58,91,15,7,10,1,1,1,1,1
2016-09-27,64,79,12,3,28,1,1,1,1,1
2016-09-28,52,40,14,4,47,1,1,1,1,1
2016-09-29,69,22,15,9,37,1,1,1,1,1
2016-09-30,69,60,20,19,7,1,1,1,1,1
2016-10-01,102,72,15,21,29,1,1,1,1,1
2016-10-02,52,21,10,7,19,1,1,1,1,1
2016-10-03,55,45,15,4,4,1,1,1,1,1
2016-10-04,40,71,7,8,18,1,1,1,1,1
2016-10-05,24,25,12,8,13,1,1,1,1,1
2016-10-06,13,13,12,8,4,0,0,1,1,0
2016-10-07,17,8,11,11,8,0,0,1,1,0
2016-10-08,41,19,14,20,16,0,0,1,1,0
2016-10-09,16,4,9,0,3,0,0,1,0,0
2016-10-10,20,9,19,10,4,0,0,1,1,0
2016-10-11,9,3,14,9,3,0,0,1,1,0
2016-10-12,10,3,10,11,6,0,0,1,1,0
2016-10-13,25,5,15,13,6,0,0,1,1,0
2016-10-14,23,9,15,7,4,0,0,1,1,0
2016-10-15,31,10,26,24,10,0,0,1,1,0
2016-10-16,9,4,15,3,3,0,0,1,1,0
2016-10-17,15,4,14,15,4,0,0,1,1,0
2016-10-18,20,8,4,12,4,0,0,1,1,0
2016-10-19,13,7,12,10,3,0,0,1,1,0
2016-10-20,6,5,17,14,2,0,0,1,1,0
2016-10-21,52,2,17,32,27,0,0,1,1,0
2016-10-22,17,7,16,20,9,0,0,1,1,0
2016-10-23,10,5,5,6,5,0,0,1,1,0
2016-10-24,13,4,16,5,0,0,0,1,1,0
2016-10-25,6,3,14,8,4,0,0,1,1,0
2016-10-26,11,2,14,10,3,0,0,1,1,0
2016-10-27,8,4,4,7,2,0,0,1,1,0
2016-10-28,18,11,24,13,8,0,0,1,1,0
2016-10-29,29,14,29,17,11,0,0,1,1,0
2016-10-30,4,2,4,4,2,0,0,1,1,0
2016-10-31,12,7,8,16,11,0,0,1,1,0
2016-11-01,15,3,4,4,2,0,0,1,1,0
2016-11-02,16,3,8,15,7,0,0,1,1,0
2016-11-03,11,5,19,24,8,0,0,1,1,0
2016-11-04,26,4,13,23,10,0,0,1,1,0
2016-11-05,26,6,35,27,12,0,0,1,1,0
2016-11-06,13,3,2,15,6,0,0,1,1,0
2016-11-07,22,7,7,10,8,0,0,1,1,0
2016-11-08,12,13,13,18,6,0,0,1,1,0
2016-11-09,4,4,14,10,2,0,0,1,1,0
2016-11-10,11,3,7,12,4,0,0,1,1,0
2016-11-11,9,10,18,19,6,0,0,1,1,0
2016-11-12,30,12,33,17,10,0,0,1,1,0
2016-11-13,10,6,6,8,3,0,0,1,1,0
2016-11-14,14,5,13,4,9,0,0,1,1,0
2016-11-15,5,3,13,8,2,0,0,1,1,0
2016-11-16,9,3,8,10,0,0,0,1,1,0
2016-11-17,12,3,11,10,8,0,0,1,1,0
2016-11-18,10,7,21,17,4,0,0,1,1,0
2016-11-19,26,9,14,20,9,0,0,1,1,0
2016-11-20,6,10,5,10,4,0,0,1,1,0
2016-11-21,3,1,15,4,3,0,0,1,1,0
2016-11-22,9,3,12,7,7,0,0,1,1,0
2016-11-23,12,3,8,6,3,0,0,1,1,0
2016-11-24,7,6,11,4,1,0,0,1,1,0
2016-11-25,22,10,16,11,10,0,0,1,1,0
2016-11-26,18,8,22,20,16,0,0,1,1,0
2016-11-27,9,4,3,2,8,0,0,1,1,0
2016-11-28,11,6,15,5,4,0,0,1,1,0
2016-11-29,5,2,9,5,3,0,0,1,1,0
2016-11-30,12,3,16,7,4,0,0,1,1,0
2016-12-01,16,3,16,6,4,0,0,1,1,0
2016-12-02,12,4,10,17,4,0,0,1,1,0
2016-12-03,29,19,28,16,17,0,0,1,1,0
2016-12-04,14,2,11,12,4,0,0,1,1,0
2016-12-05,14,3,10,9,7,0,0,1,1,0
2016-12-06,4,2,12,7,1,0,0,1,1,0
2016-12-07,13,1,7,7,7,0,0,1,1,0
2016-12-08,15,1,8,8,6,0,0,1,1,0
2016-12-09,16,6,18,17,5,0,0,1,1,0
2016-12-10,30,17,13,21,14,0,0,1,1,0
2016-12-11,23,20,8,3,22,1,1,1,1,1
2016-12-12,39,24,12,8,26,1,1,1,1,1
2016-12-13,34,14,16,6,16,1,1,1,1,1
2016-12-14,46,28,18,11,34,1,1,1,1,1
2016-12-15,58,16,25,15,29,1,1,1,1,1
2016-12-16,47,13,15,25,38,1,1,1,1,1
2016-12-17,62,31,37,28,57,1,1,1,1,1
2016-12-18,33,34,15,13,12,1,1,1,1,1
2016-12-19,38,19,12,12,9,1,1,1,1,1
2016-12-20,25,26,15,13,13,1,1,1,1,1
2016-12-21,42,18,13,19,20,1,1,1,1,1
2016-12-22,47,35,13,25,21,1,1,1,1,1
2016-12-23,59,36,29,42,27,1,1,1,1,1
2016-12-24,64,46,22,25,19,1,1,1,1,1
2016-12-26,30,16,10,25,9,1,1,1,1,1
2016-12-27,6,15,17,22,5,0,0,1,1,0
2016-12-28,24,4,19,15,4,0,0,1,1,0
2016-12-29,23,10,18,18,1,0,0,1,1,0
2016-12-30,16,8,23,20,10,0,0,1,1,0
2016-12-31,32,9,17,20,11,0,0,1,1,0
2017-01-02,14,4,15,17,2,0,0,1,1,0
2017-01-03,9,4,16,6,8,0,0,1,1,0
2017-01-04,11,1,14,5,8,0,0,1,1,0
2017-01-05,19,17,6,16,10,0,0,1,1,0
2017-01-06,8,2,5,4,12,0,0,1,1,0
2017-01-07,24,11,16,21,11,0,0,1,1,0
2017-01-08,13,5,11,14,2,0,0,1,1,0
2017-01-09,19,8,13,13,9,0,0,1,1,0
2017-01-10,12,3,15,19,3,0,0,1,1,0
2017-01-11,15,3,14,8,7,0,0,1,1,0
2017-01-12,16,11,18,17,8,0,0,1,1,0
2017-01-13,26,6,15,20,8,0,0,1,1,0
2017-01-14,20,5,26,30,8,0,0,1,1,0
2017-01-15,13,3,22,11,7,0,0,1,1,0
2017-01-16,13,5,24,11,7,0,0,1,1,0
2017-01-17,10,12,14,15,2,0,0,1,1,0
2017-01-18,5,3,13,8,6,0,0,1,1,0
2017-01-19,5,4,14,12,3,0,0,1,1,0
2017-01-20,16,4,23,18,9,0,0,1,1,0
2017-01-21,30,15,29,17,10,0,0,1,1,0
2017-01-22,11,4,5,8,2,0,0,1,1,0
2017-01-23,9,3,16,2,2,0,0,1,1,0
2017-01-24,7,5,6,18,1,0,0,1,1,0
2017-01-25,6,2,11,13,0,0,0,1,1,0
2017-01-26,101,108,13,13,11,1,1,1,1,1
2017-01-27,94,93,15,27,27,1,1,1,1,1
2017-01-28,95,108,32,30,14,1,1,1,1,1
2017-01-29,59,69,21,7,3,1,1,1,1,1
2017-01-30,36,65,14,10,35,1,1,1,1,1
2017-01-31,37,50,13,15,1,1,1,1,1,0
2017-02-01,56,41,15,6,7,1,1,1,1,1
2017-02-02,54,48,14,7,0,1,1,1,1,0
2017-02-03,79,74,12,19,8,1,1,1,1,1
2017-02-04,111,76,34,15,28,1,1,1,1,1
2017-02-05,42,67,7,6,3,1,1,1,1,0
2017-02-06,38,57,19,22,2,1,1,1,1,0
2017-02-07,32,35,9,3,5,1,1,1,1,1
2017-02-08,22,11,7,4,3,1,1,1,1,1
2017-02-09,9,9,9,5,4,0,0,1,1,0
2017-02-10,23,10,16,8,2,0,0,1,1,0
2017-02-11,26,8,11,4,7,0,0,1,1,0
2017-02-12,7,1,8,19,0,0,0,1,1,0
2017-02-13,5,1,16,11,1,0,0,1,1,0
2017-02-14,9,1,10,7,1,0,0,1,1,0
2017-02-15,9,8,15,14,4,0,0,1,1,0
2017-02-16,10,1,13,6,9,0,0,1,1,0
2017-02-17,20,8,12,10,3,0,0,1,1,0
2017-02-18,19,5,21,16,7,0,0,1,1,0
2017-02-19,17,0,3,4,2,0,0,1,1,0
2017-02-20,9,4,8,4,3,0,0,1,1,0
2017-02-21,4,0,10,9,1,0,0,1,1,0
2017-02-22,3,5,13,6,5,0,0,1,1,0
2017-02-23,18,3,17,4,6,0,0,1,1,0
2017-02-24,18,5,15,8,6,0,0,1,1,0
2017-02-25,32,12,20,11,13,0,0,1,1,0
2017-02-26,3,8,6,2,2,0,0,1,1,0
2017-02-27,6,1,16,4,13,0,0,1,1,0
2017-02-28,7,2,11,9,0,0,0,1,1,0
2017-03-01,10,6,14,25,1,0,0,1,1,0
2017-03-02,19,9,6,14,11,0,0,1,1,0
2017-03-03,28,5,22,14,11,0,0,1,1,0
2017-03-04,21,7,31,20,9,0,0,1,1,0
2017-03-05,9,3,0,8,5,0,0,0,1,0
2017-03-06,13,14,10,8,3,0,0,1,1,0
2017-03-07,10,2,17,17,3,0,0,1,1,0
2017-03-08,8,4,13,10,8,0,0,1,1,0
2017-03-09,13,1,15,11,5,0,0,1,1,0
2017-03-10,7,3,14,10,4,0,0,1,1,0
2017-03-11,24,6,20,26,7,0,0,1,1,0
2017-03-12,6,2,12,9,2,0,0,1,1,0
2017-03-13,10,7,13,10,4,0,0,1,1,0
2017-03-14,13,11,12,13,3,0,0,1,1,0
2017-03-15,9,13,15,16,2,0,0,1,1,0
2017-03-16,8,4,17,6,1,0,0,1,1,0
2017-03-17,18,5,17,14,4,0,0,1,1,0
2017-03-18,26,10,13,28,8,0,0,1,1,0
2017-03-19,5,3,10,10,2,0,0,1,1,0
2017-03-20,7,8,17,7,3,0,0,1,1,0
2017-03-21,5,2,18,17,5,0,0,1,1,0
2017-03-22,17,6,22,15,4,0,0,1,1,0
2017-03-23,15,3,22,5,21,0,0,1,1,0
2017-03-24,14,13,18,14,5,0,0,1,1,0
2017-03-25,27,9,29,18,12,0,0,1,1,0
2017-03-26,8,2,11,7,3,0,0,1,1,0
2017-03-27,6,3,18,25,5,0,0,1,1,0
2017-03-28,13,4,16,19,4,0,0,1,1,0
2017-03-29,22,2,29,4,1,0,0,1,1,0
2017-03-30,15,5,17,13,10,0,0,1,1,0
2017-03-31,28,7,16,12,5,0,0,1,1,0
2017-04-01,28,5,23,27,9,0,0,1,1,0
2017-04-02,11,4,12,9,6,0,0,1,1,0
2017-04-03,10,4,20,10,4,0,0,1,1,0
2017-04-04,15,5,6,10,0,0,0,1,1,0
2017-04-05,7,9,10,14,9,0,0,1,1,0
2017-04-06,94,64,14,7,42,1,1,1,1,1
2017-04-07,90,14,16,18,33,1,1,1,1,1
2017-04-08,112,57,28,32,37,1,1,1,1,1
2017-04-09,52,20,3,3,24,1,1,1,1,1
2017-04-10,44,32,12,26,18,1,1,1,1,1
2017-04-11,28,24,10,3,30,1,1,1,1,1
2017-04-12,68,49,19,5,12,1,1,1,1,1
2017-04-13,45,15,17,6,30,1,1,1,1,1
2017-04-14,59,34,27,16,36,1,1,1,1,1
2017-04-15,58,46,13,11,52,1,1,1,1,1
2017-04-17,22,11,6,8,8,1,1,1,1,1
2017-04-18,10,7,28,6,4,0,0,1,1,0
2017-04-19,5,6,10,15,0,0,0,1,1,0
2017-04-20,20,6,20,20,8,0,0,1,1,0
2017-04-21,21,3,19,23,6,0,0,1,1,0
2017-04-22,18,15,27,31,5,0,0,1,1,0
2017-04-23,11,1,13,2,3,0,0,1,1,0
2017-04-24,16,7,23,22,9,0,0,1,1,0
2017-04-25,15,1,8,10,5,0,0,1,1,0
2017-04-26,8,3,21,15,3,0,0,1,1,0
2017-04-27,12,10,18,6,3,0,0,1,1,0
2017-04-28,15,6,17,15,4,0,0,1,1,0
2017-04-29,26,17,23,22,4,0,0,1,1,0
2017-04-30,21,12,24,20,2,0,0,1,1,0
2017-05-01,9,2,3,12,8,0,0,1,1,0
2017-05-02,8,3,15,8,9,0,0,1,1,0
2017-05-03,8,3,20,13,2,0,0,1,1,0
2017-05-04,20,9,9,17,7,0,0,1,1,0
2017-05-05,24,4,10,13,7,0,0,1,1,0
2017-05-06,16,1,29,16,8,0,0,1,1,0
2017-05-07,5,0,7,7,0,0,0,1,1,0
2017-05-08,7,2,23,14,3,0,0,1,1,0
2017-05-09,3,18,8,3,4,0,0,1,1,0
2017-05-10,9,2,6,9,7,0,0,1,1,0
2017-05-11,11,1,10,15,5,0,0,1,1,0
2017-05-12,20,11,12,11,7,0,0,1,1,0
2017-05-13,32,9,37,21,7,0,0,1,1,0
2017-05-14,7,1,1,8,1,0,0,1,1,0
2017-05-15,6,4,15,6,2,0,0,1,1,0
2017-05-16,8,7,10,6,1,0,0,1,1,0
2017-05-17,18,1,12,10,6,0,0,1,1,0
2017-05-18,11,4,26,15,3,0,0,1,1,0
2017-05-19,20,4,20,18,4,0,0,1,1,0
2017-05-20,21,8,11,21,7,0,0,1,1,0
2017-05-21,4,5,5,9,4,0,0,1,1,0
2017-05-22,9,6,19,18,5,0,0,1,1,0
2017-05-23,8,2,19,4,6,0,0,1,1,0
2017-05-24,12,5,10,10,1,0,0,1,1,0
2017-05-25,8,8,18,16,6,0,0,1,1,0
2017-05-26,19,12,21,18,7,0,0,1,1,0
2017-05-27,31,5,17,20,6,0,0,1,1,0
2017-05-28,6,5,13,7,6,0,0,1,1,0
2017-05-29,6,6,12,14,1,0,0,1,1,0
2017-05-30,5,3,17,9,1,0,0,1,1,0
2017-05-31,11,2,15,3,2,0,0,1,1,0
2017-06-01,20,12,23,14,7,0,0,1,1,0
2017-06-02,14,4,10,11,5,0,0,1,1,0
2017-06-03,9,6,12,13,4,0,0,1,1,0
2017-06-04,10,0,5,8,5,0,0,1,1,0
2017-06-05,12,2,9,12,6,0,0,1,1,0
2017-06-06,8,4,7,7,3,0,0,1,1,0
2017-06-07,13,4,9,13,2,0,0,1,1,0
2017-06-08,9,3,18,17,7,0,0,1,1,0
2017-06-09,14,6,22,14,9,0,0,1,1,0
2017-06-10,23,9,20,35,11,0,0,1,1,0
2017-06-11,17,1,7,2,3,0,0,1,1,0
2017-06-12,19,16,9,6,4,0,0,1,1,0
2017-06-13,16,9,28,9,5,0,0,1,1,0
2017-06-14,9,9,22,15,8,0,0,1,1,0
2017-06-15,10,0,17,9,1,0,0,1,1,0
2017-06-16,17,4,16,17,10,0,0,1,1,0
2017-06-17,9,11,22,13,13,0,0,1,1,0
2017-06-18,6,0,5,9,1,0,0,1,1,0
2017-06-19,12,2,14,10,1,0,0,1,1,0
2017-06-20,3,6,9,8,3,0,0,1,1,0
2017-06-21,19,7,18,3,15,0,0,1,1,0
2017-06-22,8,6,15,7,7,0,0,1,1,0
2017-06-23,18,10,16,20,3,0,0,1,1,0
2017-06-24,16,14,18,20,12,0,0,1,1,0
2017-06-25,4,11,8,6,5,0,0,1,1,0
2017-06-26,2,3,21,20,1,0,0,1,1,0
2017-06-27,6,5,22,11,5,0,0,1,1,0
2017-06-28,7,2,11,10,0,0,0,1,1,0
2017-06-29,9,1,9,7,10,0,0,1,1,0
2017-06-30,9,13,11,16,13,0,0,1,1,0
2017-07-01,11,7,17,24,5,0,0,1,1,0
2017-07-02,19,12,32,7,7,0,0,1,1,0
2017-07-03,6,5,5,10,6,0,0,1,1,0
2017-07-04,9,4,9,9,6,0,0,1,1,0
2017-07-05,4,1,12,13,2,0,0,1,1,0
2017-07-06,12,4,15,14,2,0,0,1,1,0
2017-07-07,17,8,30,10,2,0,0,1,1,0
2017-07-08,17,17,12,22,11,0,0,1,1,0
2017-07-09,6,2,15,3,2,0,0,1,1,0
2017-07-10,3,5,10,13,9,0,0,1,1,0
2017-07-11,1,3,16,9,8,0,0,1,1,0
2017-07-12,5,14,18,20,6,0,0,1,1,0
2017-07-13,59,50,7,10,49,1,1,1,1,1
2017-07-14,56,43,21,16,30,1,1,1,1,1
2017-07-15,72,46,20,9,40,1,1,1,1,1
2017-07-16,37,21,3,12,19,1,1,1,1,1
2017-07-17,24,33,22,10,10,1,1,1,1,1
2017-07-18,52,30,7,8,8,1,1,1,1,1
2017-07-19,23,12,7,7,5,1,1,1,1,1
2017-07-20,34,21,11,12,12,1,1,1,1,1
2017-07-21,21,19,19,12,11,1,1,1,1,1
2017-07-22,39,26,19,9,20,1,1,1,1,1
2017-07-23,16,2,4,5,11,1,1,1,1,1
2017-07-24,27,17,15,8,17,1,1,1,1,1
2017-07-25,14,20,6,8,16,1,1,1,1,1
2017-07-26,13,20,11,11,12,1,1,1,1,1
2017-07-27,5,5,8,17,0,0,0,1,1,0
2017-07-28,17,7,22,14,8,0,0,1,1,0
2017-07-29,20,10,11,27,14,0,0,1,1,0
2017-07-30,11,7,14,9,4,0,0,1,1,0
2017-07-31,13,12,14,11,7,0,0,1,1,0
2017-08-01,26,12,22,8,7,0,0,1,1,0
2017-08-02,11,3,10,8,4,0,0,1,1,0
2017-08-03,8,4,9,7,7,0,0,1,1,0
2017-08-04,8,9,16,17,8,0,0,1,1,0
2017-08-05,19,3,11,14,6,0,0,1,1,0
2017-08-06,3,0,2,4,3,0,0,1,1,0
2017-08-07,7,5,18,8,5,0,0,1,1,0
2017-08-08,5,0,8,4,1,0,0,1,1,0
2017-08-09,5,4,12,14,3,0,0,1,1,0
2017-08-10,7,1,12,9,10,0,0,1,1,0
2017-08-11,14,5,21,20,8,0,0,1,1,0
2017-08-12,8,4,21,18,0,0,0,1,1,0
2017-08-13,3,2,2,3,5,0,0,1,1,0
2017-08-14,11,6,12,14,5,0,0,1,1,0
2017-08-15,7,1,5,6,2,0,0,1,1,0
2017-08-16,10,2,5,14,8,0,0,1,1,0
2017-08-17,10,7,8,6,3,0,0,1,1,0
2017-08-18,11,11,7,9,4,0,0,1,1,0
2017-08-19,15,1,10,15,8,0,0,1,1,0
2017-08-20,6,0,15,11,1,0,0,1,1,0
2017-08-21,12,10,6,19,7,0,0,1,1,0
2017-08-22,9,1,7,18,3,0,0,1,1,0
2017-08-23,6,1,9,5,6,0,0,1,1,0
2017-08-24,6,7,5,9,2,0,0,1,1,0
2017-08-25,22,1,13,10,7,0,0,1,1,0
2017-08-26,16,8,21,24,9,0,0,1,1,0
2017-08-27,8,4,7,4,10,0,0,1,1,0
2017-08-28,13,6,24,19,11,0,0,1,1,0
2017-08-29,11,5,14,5,9,0,0,1,1,0
2017-08-30,12,3,18,9,3,0,0,1,1,0
2017-08-31,15,0,7,23,8,0,0,1,1,0
2017-09-01,10,5,13,22,5,0,0,1,1,0
2017-09-02,23,24,25,18,9,0,0,1,1,0
2017-09-03,14,2,9,5,1,0,0,1,1,0
2017-09-04,9,7,19,14,8,0,0,1,1,0
2017-09-05,9,2,11,9,2,0,0,1,1,0
2017-09-06,9,1,18,20,3,0,0,1,1,0
2017-09-07,6,5,17,8,13,0,0,1,1,0
2017-09-08,16,6,10,13,6,0,0,1,1,0
2017-09-09,19,5,10,19,6,0,0,1,1,0
2017-09-10,8,3,22,5,5,0,0,1,1,0
2017-09-11,14,3,24,10,7,0,0,1,1,0
2017-09-12,10,3,14,18,6,0,0,1,1,0
2017-09-13,7,1,9,10,3,0,0,1,1,0
2017-09-14,4,17,11,7,3,0,0,1,1,0
2017-09-15,18,2,22,10,4,0,0,1,1,0
2017-09-16,13,5,17,14,7,0,0,1,1,0
2017-09-17,17,4,7,9,4,0,0,1,1,0
2017-09-18,4,6,13,9,2,0,0,1,1,0
2017-09-19,10,6,12,8,4,0,0,1,1,0
2017-09-20,11,17,8,12,5,0,0,1,1,0
2017-09-21,64,109,23,18,14,1,1,1,1,1
2017-09-22,87,84,9,7,35,1,1,1,1,1
2017-09-23,59,97,23,11,36,1,1,1,1,1
2017-09-24,49,35,3,3,9,1,1,1,1,1
2017-09-25,44,31,0,11,5,1,1,0,1,1
2017-09-26,46,45,9,8,19,1,1,1,1,1
2017-09-27,43,40,8,6,6,1,1,1,1,1
2017-09-28,58,55,14,11,18,1,1,1,1,1
2017-09-29,60,60,13,21,13,1,1,1,1,1
2017-09-30,56,80,15,14,18,1,1,1,1,1
2017-10-01,7,39,7,1,4,1,1,1,1,1
2017-10-02,4,47,16,8,26,1,1,1,1,1
2017-10-03,5,49,13,4,7,1,1,1,1,1
2017-10-04,16,47,10,15,4,1,1,1,1,1
2017-10-05,2,3,15,11,0,0,0,1,1,0
2017-10-06,4,8,17,6,0,0,0,1,1,0
2017-10-07,13,2,23,10,11,0,0,1,1,0
2017-10-08,13,2,9,7,4,0,0,1,1,0
2017-10-09,6,0,6,3,7,0,0,1,1,0
2017-10-10,7,1,9,5,2,0,0,1,1,0
2017-10-11,9,0,22,8,4,0,0,1,1,0
2017-10-12,6,0,14,8,0,0,0,1,1,0
2017-10-13,7,0,16,22,0,0,0,1,1,0
2017-10-14,5,8,10,19,10,0,0,1,1,0
2017-10-15,4,2,14,4,8,0,0,1,1,0
2017-10-16,12,5,17,3,2,0,0,1,1,0
2017-10-17,7,13,12,1,4,0,0,1,1,0
2017-10-18,7,4,11,11,5,0,0,1,1,0
2017-10-19,13,2,15,4,2,0,0,1,1,0
2017-10-20,17,3,15,30,8,0,0,1,1,0
2017-10-21,22,9,21,17,4,0,0,1,1,0
2017-10-22,18,0,21,8,6,0,0,1,1,0
2017-10-23,5,4,17,8,3,0,0,1,1,0
2017-10-24,4,9,15,12,5,0,0,1,1,0
2017-10-25,7,3,20,11,8,0,0,1,1,0
2017-10-26,9,12,18,4,4,0,0,1,1,0
2017-10-27,24,5,16,8,3,0,0,1,1,0
2017-10-28,21,12,21,13,16,0,0,1,1,0
2017-10-29,10,4,17,8,3,0,0,1,1,0
2017-10-30,11,6,0,5,10,0,0,0,1,0
2017-10-31,17,10,0,3,10,0,0,0,1,0
2017-11-01,14,10,4,3,5,0,0,1,1,0
2017-11-02,72,98,0,0,32,1,1,0,0,1
2017-11-03,84,75,1,0,11,1,1,1,0,1
2017-11-04,58,78,26,27,0,1,1,1,1,0
2017-11-05,47,34,2,11,0,1,1,1,1,0
2017-11-06,34,57,12,8,0,1,1,1,1,0
2017-11-07,66,49,25,8,0,1,1,1,1,0
2017-11-08,38,45,19,6,0,1,1,1,1,0
2017-11-09,78,65,13,8,11,1,1,1,1,1
2017-11-10,54,59,20,14,16,1,1,1,1,1
2017-11-11,51,55,27,10,17,1,1,1,1,1
2017-11-12,25,40,8,9,13,1,1,1,1,1
2017-11-13,12,27,16,7,31,1,1,1,1,1
2017-11-14,15,15,16,4,42,1,1,1,1,1
2017-11-15,25,17,17,6,11,1,1,1,1,1
2017-11-16,14,4,24,11,3,0,0,1,1,0
2017-11-17,10,9,21,15,11,0,0,1,1,0
2017-11-18,17,9,24,19,15,0,0,1,1,0
2017-11-19,3,1,4,6,2,0,0,1,1,0
2017-11-20,5,6,14,7,3,0,0,1,1,0
2017-11-21,9,11,16,5,4,0,0,1,1,0
2017-11-22,1,6,19,5,0,0,0,1,1,0
2017-11-23,7,0,19,15,2,0,0,1,1,0
2017-11-24,17,0,23,16,5,0,0,1,1,0
2017-11-25,38,3,21,26,15,0,0,1,1,0
2017-11-26,13,6,18,4,5,0,0,1,1,0
2017-11-27,8,6,18,6,3,0,0,1,1,0
2017-11-28,15,10,10,14,0,0,0,1,1,0
2017-11-29,10,3,10,7,1,0,0,1,1,0
2017-11-30,12,5,10,11,3,0,0,1,1,0
2017-12-01,26,18,14,17,17,0,0,1,1,0
2017-12-02,25,7,29,12,10,0,0,1,1,0
2017-12-03,7,8,11,6,0,0,0,1,1,0
2017-12-04,15,2,10,14,2,0,0,1,1,0
2017-12-05,12,4,11,22,10,0,0,1,1,0
2017-12-06,21,7,17,10,1,0,0,1,1,0
2017-12-07,13,9,3,14,6,0,0,1,1,0
2017-12-08,14,6,8,17,4,0,0,1,1,0
2017-12-09,10,13,25,20,17,0,0,1,1,0
2017-12-10,12,7,10,18,2,0,0,1,1,0
2017-12-11,60,24,20,1,21,1,1,1,1,1
2017-12-12,55,27,15,6,21,1,1,1,1,1
2017-12-13,37,26,15,10,6,1,1,1,1,1
2017-12-14,46,15,12,7,7,1,1,1,1,1
2017-12-15,38,9,18,3,27,1,1,1,1,1
2017-12-16,54,34,22,11,44,1,1,1,1,1
2017-12-17,36,27,14,12,19,1,1,1,1,1
2017-12-18,34,15,24,5,0,1,1,1,1,0
2017-12-19,38,13,15,7,11,1,1,1,1,1
2017-12-20,19,9,25,10,5,1,1,1,1,1
2017-12-21,52,12,12,8,21,1,1,1,1,1
2017-12-22,36,28,14,12,4,1,1,1,1,1
2017-12-23,58,31,25,15,16,1,1,1,1,1
2017-12-24,27,14,12,12,18,1,1,1,1,1
2017-12-26,11,6,6,9,5,1,1,1,1,1
2017-12-27,16,9,18,13,9,0,0,1,1,0
2017-12-28,17,7,12,12,8,0,0,1,1,0
2017-12-29,39,18,18,16,6,0,0,1,1,0
2017-12-30,36,8,14,17,8,0,0,1,1,0
2017-12-31,30,4,12,6,5,0,0,1,1,0
2018-01-02,21,9,18,6,7,0,0,1,1,0
2018-01-03,19,11,12,11,2,0,0,1,1,0
2018-01-04,17,4,10,17,6,0,0,1,1,0
2018-01-05,33,15,26,8,9,0,0,1,1,0
2018-01-06,13,13,16,21,7,0,0,1,1,0
2018-01-07,4,8,3,2,5,0,0,1,1,0
2018-01-08,19,3,17,13,6,0,0,1,1,0
2018-01-09,9,10,11,10,6,0,0,1,1,0
2018-01-10,9,20,18,8,16,0,0,1,1,0
2018-01-11,3,1,18,6,5,0,0,1,1,0
2018-01-12,23,18,21,11,7,0,0,1,1,0
2018-01-13,36,12,19,27,16,0,0,1,1,0
2018-01-14,7,3,11,16,5,0,0,1,1,0
2018-01-15,20,2,23,9,4,0,0,1,1,0
2018-01-16,12,2,6,9,7,0,0,1,1,0
2018-01-17,8,5,22,11,4,0,0,1,1,0
2018-01-18,7,4,21,10,1,0,0,1,1,0
2018-01-19,29,6,23,10,11,0,0,1,1,0
2018-01-20,24,18,30,22,11,0,0,1,1,0
2018-01-21,2,0,8,10,8,0,0,1,1,0
2018-01-22,0,2,15,7,0,0,0,1,1,0
2018-01-23,1,11,4,2,1,0,0,1,1,0
2018-01-24,8,8,12,3,5,0,0,1,1,0
2018-01-25,68,69,18,12,7,1,1,1,1,1
2018-01-26,102,104,11,14,12,1,1,1,1,1
2018-01-27,98,93,17,23,42,1,1,1,1,1
2018-01-28,90,41,13,6,21,1,1,1,1,1
2018-01-29,45,53,19,10,41,1,1,1,1,1
2018-01-30,46,29,8,7,39,1,1,1,1,1
2018-01-31,79,31,20,13,33,1,1,1,1,1
2018-02-01,57,60,10,14,20,1,1,1,1,1
2018-02-02,57,49,26,6,22,1,1,1,1,1
2018-02-03,114,85,22,34,29,1,1,1,1,1
2018-02-04,60,33,13,8,28,1,1,1,1,1
2018-02-05,36,28,18,11,13,1,1,1,1,1
2018-02-06,22,29,10,9,4,1,1,1,1,1
2018-02-07,12,10,19,5,3,1,1,1,1,0
2018-02-08,6,2,10,11,6,0,0,1,1,0
2018-02-09,18,6,19,13,10,0,0,1,1,0
2018-02-10,20,3,16,20,14,0,0,1,1,0
2018-02-11,8,3,8,11,5,0,0,1,1,0
2018-02-12,6,15,12,2,12,0,0,1,1,0
2018-02-13,11,0,18,17,16,0,0,1,1,0
2018-02-14,22,3,14,14,0,0,0,1,1,0
2018-02-15,17,0,10,6,6,0,0,1,1,0
2018-02-16,20,4,18,12,7,0,0,1,1,0
2018-02-17,8,8,6,12,12,0,0,1,1,0
2018-02-18,1,0,8,7,6,0,0,1,1,0
2018-02-19,6,4,20,12,7,0,0,1,1,0
2018-02-20,2,4,5,8,2,0,0,1,1,0
2018-02-21,7,3,14,8,1,0,0,1,1,0
2018-02-22,7,10,12,10,6,0,0,1,1,0
2018-02-23,16,0,25,18,11,0,0,1,1,0
2018-02-24,16,6,14,14,18,0,0,1,1,0
2018-02-25,11,6,13,7,5,0,0,1,1,0
2018-02-26,7,1,9,9,6,0,0,1,1,0
2018-02-27,8,9,14,5,1,0,0,1,1,0
2018-02-28,9,0,10,6,3,0,0,1,1,0
2018-03-01,5,0,0,11,7,0,0,0,1,0
2018-03-02,12,9,2,11,6,0,0,1,1,0
2018-03-03,21,19,21,21,9,0,0,1,1,0
2018-03-04,5,2,0,6,7,0,0,0,1,0
2018-03-05,3,8,14,9,6,0,0,1,1,0
2018-03-06,2,2,19,2,3,0,0,1,1,0
2018-03-07,10,11,18,6,1,0,0,1,1,0
2018-03-08,10,1,15,4,4,0,0,1,1,0
2018-03-09,9,3,27,8,5,0,0,1,1,0
2018-03-10,13,13,20,22,12,0,0,1,1,0
2018-03-11,11,1,16,5,4,0,0,1,1,0
2018-03-12,8,9,12,11,2,0,0,1,1,0
2018-03-13,8,5,4,11,4,0,0,1,1,0
2018-03-14,7,3,1,4,5,0,0,1,1,0
2018-03-15,12,10,11,4,4,0,0,1,1,0
2018-03-16,22,11,19,10,3,0,0,1,1,0
2018-03-17,12,6,20,15,6,0,0,1,1,0
2018-03-18,12,7,9,11,8,0,0,1,1,0
2018-03-19,13,2,18,4,7,0,0,1,1,0
2018-03-20,11,3,13,9,10,0,0,1,1,0
2018-03-21,8,11,11,13,3,0,0,1,1,0
2018-03-22,38,67,22,11,26,1,1,1,1,1
2018-03-23,60,56,23,9,34,1,1,1,1,1
2018-03-24,80,113,31,11,43,1,1,1,1,1
2018-03-25,54,50,4,8,12,1,1,1,1,1
2018-03-26,37,20,9,7,7,1,1,1,1,1
2018-03-27,38,19,3,6,9,1,1,1,1,1
2018-03-28,29,21,16,5,13,1,1,1,1,1
2018-03-29,35,26,15,13,2,1,1,1,1,1
2018-03-30,48,36,23,8,10,1,1,1,1,1
2018-03-31,61,39,20,11,0,1,1,1,1,0
2018-04-02,11,9,5,7,5,1,1,1,1,1
2018-04-03,12,6,19,15,7,0,0,1,1,0
2018-04-04,9,5,0,11,8,0,0,0,1,0
2018-04-05,2,3,0,7,7,0,0,0,1,0
2018-04-06,22,6,0,15,6,0,0,0,1,0
2018-04-07,28,23,23,24,22,0,0,1,1,0
2018-04-08,6,0,1,3,2,0,0,1,1,0
2018-04-09,9,2,0,2,3,0,0,0,1,0
2018-04-10,6,5,4,9,7,0,0,1,1,0
2018-04-11,11,0,13,3,3,0,0,1,1,0
2018-04-12,18,3,8,8,0,0,0,1,1,0
2018-04-13,9,6,14,5,9,0,0,1,1,0
2018-04-14,15,2,14,23,4,0,0,1,1,0
2018-04-15,11,4,8,6,4,0,0,1,1,0
2018-04-16,11,8,12,5,0,0,0,1,1,0
2018-04-17,10,1,16,4,3,0,0,1,1,0
2018-04-18,10,5,12,4,3,0,0,1,1,0
2018-04-19,11,3,12,4,8,0,0,1,1,0
2018-04-20,13,22,17,12,7,0,0,1,1,0
2018-04-21,21,6,20,22,9,0,0,1,1,0
2018-04-22,6,9,7,4,4,0,0,1,1,0
2018-04-23,5,6,12,7,5,0,0,1,1,0
2018-04-24,9,6,10,8,2,0,0,1,1,0
2018-04-26,18,7,10,9,1,0,0,1,1,0
2018-04-27,9,14,16,14,9,0,0,1,1,0
2018-04-28,8,7,13,9,5,0,0,1,1,0
2018-04-29,13,8,17,15,0,0,0,1,1,0
2018-04-30,1,1,11,8,3,0,0,1,1,0
2018-05-02,8,5,10,4,0,0,0,1,1,0
2018-05-03,8,7,3,9,0,0,0,1,1,0
2018-05-04,18,18,6,3,1,0,0,1,1,0
2018-05-05,58,93,4,12,9,1,1,1,1,1
2018-05-06,65,94,18,24,27,1,1,1,1,1
2018-05-07,130,115,12,16,9,1,1,1,1,1
2018-05-08,64,61,5,3,8,1,1,1,1,1
2018-05-09,46,29,24,1,10,1,1,1,1,1
2018-05-10,8,37,6,8,23,1,1,1,1,1
2018-05-11,56,40,12,8,0,1,1,1,1,0
2018-05-12,42,46,8,4,4,1,1,1,1,1
2018-05-13,69,64,8,7,6,1,1,1,1,1
2018-05-14,22,66,19,10,4,1,1,1,1,1
2018-05-15,3,24,1,6,0,1,1,1,1,0
2018-05-16,16,21,15,8,0,1,1,1,1,0
2018-05-17,16,20,15,13,20,1,1,1,1,1
2018-05-18,16,26,10,6,7,1,1,1,1,0
2018-05-19,5,3,21,16,9,0,0,1,1,0
2018-05-20,27,0,17,9,9,0,0,1,1,0
2018-05-21,3,0,24,13,1,0,0,1,1,0
2018-05-22,4,1,11,19,0,0,0,1,1,0
2018-05-23,15,4,10,9,4,0,0,1,1,0
2018-05-24,10,2,15,9,0,0,0,1,1,0
2018-05-25,13,5,14,14,0,0,0,1,1,0
2018-05-26,13,12,11,7,0,0,0,1,1,0
2018-05-27,8,9,6,9,1,0,0,1,1,0
2018-05-28,16,11,18,12,4,0,0,1,1,0
2018-05-29,9,5,5,10,4,0,0,1,1,0
2018-05-30,11,4,30,9,4,0,0,1,1,0
2018-05-31,11,6,12,6,4,0,0,1,1,0
2018-06-01,5,2,5,4,4,0,0,1,1,0
2018-06-03,8,4,17,7,0,0,0,1,1,0
2018-06-04,0,21,20,19,0,0,0,1,1,0
2018-06-05,33,0,33,23,10,0,0,1,1,0
2018-06-06,16,0,8,5,5,0,0,1,1,0
2018-06-07,2,0,17,10,7,0,0,1,1,0
2018-06-08,3,7,3,11,6,0,0,1,1,0
2018-06-09,12,2,16,7,17,0,0,1,1,0
2018-06-10,10,1,6,15,7,0,0,1,1,0
2018-06-11,26,14,6,13,3,0,0,1,1,0
2018-06-12,27,10,30,18,9,0,0,1,1,0
2018-06-13,11,2,17,12,9,0,0,1,1,0
2018-06-14,8,5,9,3,3,0,0,1,1,0
2018-06-15,7,12,9,12,12,0,0,1,1,0
2018-06-16,2,6,15,7,12,0,0,1,1,0
2018-06-17,17,6,22,7,9,0,0,1,1,0
2018-06-18,12,6,14,13,4,0,0,1,1,0
2018-06-19,17,8,18,12,4,0,0,1,1,0
2018-06-20,8,4,6,8,5,0,0,1,1,0
2018-06-21,10,2,14,3,6,0,0,1,1,0
2018-06-22,11,3,5,7,13,0,0,1,1,0
2018-06-23,10,4,22,5,15,0,0,1,1,0
2018-06-24,21,5,13,9,5,0,0,1,1,0
2018-06-25,33,4,15,10,7,0,0,1,1,0
2018-06-26,21,11,15,25,12,0,0,1,1,0
2018-06-27,5,9,5,3,3,0,0,1,1,0
2018-06-28,12,3,5,3,4,0,0,1,1,0
2018-06-29,11,12,24,11,7,0,0,1,1,0
2018-06-30,7,3,17,7,12,0,0,1,1,0
2018-07-01,20,6,13,9,7,0,0,1,1,0
2018-07-02,6,13,19,7,8,0,0,1,1,0
2018-07-03,16,7,23,18,2,0,0,1,1,0
2018-07-04,11,3,7,12,5,0,0,1,1,0
2018-07-05,12,7,15,18,7,0,0,1,1,0
2018-07-06,9,2,3,3,4,0,0,1,1,0
2018-07-07,17,1,17,10,5,0,0,1,1,0
2018-07-08,20,2,12,9,7,0,0,1,1,0
2018-07-09,14,8,18,14,6,0,0,1,1,0
2018-07-10,9,17,12,18,6,0,0,1,1,0
2018-07-11,15,0,5,14,7,0,0,1,1,0
2018-07-12,11,3,10,6,4,0,0,1,1,0
2018-07-13,7,8,21,15,18,0,0,1,1,1
2018-07-14,13,4,10,18,11,0,0,1,1,1
2018-07-15,50,71,5,4,6,1,1,1,1,1
2018-07-16,36,71,9,8,1,1,1,1,1,1
2018-07-17,28,67,16,4,10,1,1,1,1,1
2018-07-18,31,46,3,4,10,1,1,1,1,1
2018-07-19,24,38,12,23,5,1,1,1,1,1
2018-07-20,30,33,13,11,0,1,1,1,1,0
2018-07-21,19,22,4,6,6,1,1,1,1,1
2018-07-22,8,33,10,10,20,1,1,1,1,1
2018-07-23,23,30,16,24,7,1,1,1,1,1
2018-07-24,61,64,0,17,8,1,1,0,1,1
2018-07-25,35,16,8,2,10,1,1,1,1,1
2018-07-26,22,26,5,4,9,1,1,1,1,1
2018-07-27,27,12,8,11,6,1,1,1,1,0
2018-07-28,22,9,14,9,11,1,1,1,1,0
2018-07-29,10,0,12,12,8,0,0,1,1,0
2018-07-30,15,2,17,23,5,0,0,1,1,0
2018-07-31,29,9,4,12,0,0,0,1,1,0
2018-08-01,16,16,8,7,4,0,0,1,1,0
2018-08-02,14,5,7,10,9,0,0,1,1,0
2018-08-03,11,5,9,3,12,0,0,1,1,0
2018-08-04,19,2,6,4,3,0,0,1,1,0
2018-08-05,15,8,17,20,6,0,0,1,1,0
2018-08-06,12,0,18,11,3,0,0,1,1,0
2018-08-07,18,0,11,21,5,0,0,1,1,0
2018-08-08,4,7,3,6,10,0,0,1,1,0
2018-08-09,10,11,9,14,1,0,0,1,1,0
2018-08-10,18,1,12,10,5,0,0,1,1,1
2018-08-11,6,1,16,5,3,0,0,1,1,1
2018-08-12,15,22,0,6,8,1,1,0,1,1
2018-08-13,24,19,6,10,3,1,1,1,1,1
2018-08-14,13,25,8,8,3,1,1,1,1,1
2018-08-16,12,7,11,8,4,1,1,1,1,1
2018-08-17,19,16,4,10,7,1,1,1,1,1
2018-08-18,38,29,6,12,2,1,1,1,1,1
2018-08-19,15,15,4,2,8,1,1,1,1,1
2018-08-20,28,18,3,11,4,1,1,1,1,1
2018-08-21,24,18,7,6,4,1,1,1,1,1
2018-08-22,29,14,3,9,8,1,1,1,1,1
2018-08-23,18,0,5,9,5,1,0,1,1,1
2018-08-24,32,24,13,7,2,1,1,1,1,0
2018-08-25,22,12,6,6,16,1,1,1,1,0
2018-08-26,10,10,9,14,7,1,1,1,1,0
2018-08-27,7,9,2,7,4,0,1,1,1,0
2018-08-28,9,2,8,9,6,0,0,1,1,0
2018-08-29,15,8,6,17,11,0,0,1,1,0
2018-08-30,4,0,5,13,13,0,0,1,1,0
2018-08-31,23,3,14,8,0,0,0,1,1,0
2018-09-01,26,4,14,6,10,0,0,1,1,0
2018-09-02,7,8,12,8,4,0,0,1,1,0
2018-09-03,15,2,23,15,5,0,0,1,1,0
2018-09-04,4,6,4,4,5,0,0,1,1,0
2018-09-05,28,0,5,30,7,0,0,1,1,0
2018-09-06,14,13,15,0,9,0,0,1,0,0
2018-09-07,17,6,6,10,8,0,0,1,1,0
2018-09-08,6,6,25,8,11,0,0,1,1,0
2018-09-09,11,21,19,17,9,0,0,1,1,0
2018-09-10,12,5,2,9,1,0,0,1,1,0
2018-09-11,22,1,21,13,0,0,0,1,1,0
2018-09-12,18,3,70,0,0,0,0,1,0,0
2018-09-13,9,0,32,16,1,0,0,1,1,0
2018-09-14,12,12,41,23,10,0,0,1,1,0
2018-09-15,15,6,41,14,10,0,0,1,1,0
2018-09-16,9,2,35,6,13,0,0,1,1,0
2018-09-17,14,0,38,9,6,0,0,1,1,0
2018-09-18,23,0,50,0,7,0,0,1,0,0
2018-09-19,22,4,70,13,8,0,0,1,1,0
2018-09-20,10,7,49,6,2,0,0,1,1,0
2018-09-21,10,13,35,8,13,0,0,1,1,1
2018-09-22,19,13,40,11,22,0,0,1,1,1
2018-09-23,16,3,34,10,22,0,0,1,1,1
2018-09-24,66,40,31,7,9,1,1,1,1,1
2018-09-25,76,53,18,20,14,1,1,1,1,1
2018-09-26,86,0,61,27,35,1,0,1,1,1
2018-09-27,42,49,24,11,8,1,1,1,1,1
2018-09-28,0,13,31,2,4,0,1,1,1,1
2018-09-29,56,32,35,4,22,1,1,1,1,1
2018-09-30,28,11,26,0,22,1,1,1,0,1
2018-10-01,56,7,44,0,19,1,1,1,0,1
2018-10-02,3,33,33,2,19,1,1,1,1,1
2018-10-03,67,68,41,45,0,1,1,1,1,0
2018-10-04,43,34,8,11,0,1,1,1,1,0
2018-10-05,46,29,39,29,0,1,1,1,1,0
2018-10-06,50,28,6,6,0,1,1,1,1,0
2018-10-07,39,31,12,7,0,1,1,1,1,0
2018-10-08,19,22,19,11,0,0,0,1,1,0
2018-10-09,35,29,17,10,4,0,0,1,1,1
2018-10-10,43,32,27,19,12,0,0,1,1,0
2018-10-11,21,30,16,4,7,0,0,1,1,0
2018-10-12,13,13,10,9,12,0,0,1,1,0
2018-10-13,13,6,15,23,13,0,0,1,1,0
2018-10-14,20,8,5,3,41,0,0,1,1,0
2018-10-15,17,18,21,5,10,0,0,1,1,0
2018-10-16,24,7,20,30,4,0,0,1,1,0
2018-10-17,32,12,25,15,2,0,0,1,1,0
2018-10-18,29,7,0,13,4,0,0,0,1,0
2018-10-19,21,8,9,15,5,0,0,1,1,0
2018-10-20,28,13,25,5,11,0,0,1,1,0
2018-10-21,10,15,10,15,12,0,0,1,1,0
2018-10-22,23,4,6,8,6,0,0,1,1,0
2018-10-23,39,10,1,14,0,0,0,1,1,0
2018-10-24,30,15,13,15,3,0,0,1,1,0
2018-10-25,14,17,10,11,5,0,0,1,1,0
2018-10-26,16,25,12,10,6,0,0,1,1,0
2018-10-27,6,6,10,10,10,0,0,1,1,0
2018-10-28,22,13,3,11,3,0,0,1,1,0
2018-10-29,14,11,8,10,2,0,0,1,1,0
2018-10-30,6,12,15,16,9,0,0,1,1,0
2018-10-31,26,26,16,14,11,0,0,1,1,0
2018-11-02,9,11,6,12,6,0,0,1,1,0
2018-11-03,17,8,25,11,7,0,0,1,1,0
2018-11-04,8,7,14,4,5,0,0,1,1,0
2018-11-05,20,11,7,7,3,0,0,1,1,0
2018-11-06,14,2,9,12,7,0,0,1,1,0
2018-11-07,27,3,12,0,10,0,0,1,0,0
2018-11-08,15,8,23,25,8,0,0,1,1,0
2018-11-09,4,2,6,14,2,0,0,1,1,0
2018-11-10,21,2,20,5,12,0,0,1,1,0
2018-11-11,12,2,13,6,12,0,0,1,1,0
2018-11-12,10,0,11,3,4,0,0,1,1,0
2018-11-13,7,0,9,6,5,0,0,1,1,0
2018-11-14,12,0,21,14,7,0,0,1,1,0
2018-11-15,17,2,12,33,10,0,0,1,1,0
2018-11-16,8,7,7,9,5,0,0,1,1,0
2018-11-17,12,2,16,11,7,0,0,1,1,0
2018-11-18,9,13,17,4,17,0,0,1,1,0
2018-11-19,8,4,10,4,6,0,0,1,1,0
2018-11-20,16,2,9,9,4,0,0,1,1,0
2018-11-21,15,12,17,16,7,0,0,1,1,0
2018-11-22,26,11,15,15,1,0,0,1,1,0
2018-11-23,2,1,11,23,3,0,0,1,1,0
2018-11-24,5,1,15,10,15,0,0,1,1,0
2018-11-25,7,3,11,9,11,0,0,1,1,0
2018-11-26,19,6,21,24,4,0,0,1,1,0
2018-11-27,6,4,24,12,9,0,0,1,1,0
2018-11-28,9,6,15,17,4,0,0,1,1,0
2018-11-29,24,10,14,21,5,0,0,1,1,0
2018-11-30,11,0,4,10,3,0,0,1,1,0
2018-12-01,13,1,16,22,15,0,0,1,1,0
2018-12-02,13,4,12,13,16,0,0,1,1,0
2018-12-03,13,6,18,9,10,0,0,1,1,0
2018-12-04,11,1,12,7,3,0,0,1,1,0
2018-12-05,26,1,0,16,6,0,0,0,1,0
2018-12-06,27,9,18,43,5,0,0,1,1,0
2018-12-07,6,4,20,20,5,0,0,1,1,0
2018-12-09,15,0,7,5,15,0,0,1,1,0
2018-12-10,6,4,14,14,8,0,0,1,1,0
2018-12-11,0,3,3,7,17,0,0,1,1,0
2018-12-12,14,5,12,12,0,0,0,1,1,0
2018-12-13,10,3,20,25,9,0,0,1,1,0
2018-12-14,25,0,17,2,1,0,0,1,1,0
2018-12-15,23,0,12,10,13,0,0,1,1,1
2018-12-16,8,6,18,11,17,0,0,1,1,1
2018-12-17,3,11,27,4,10,0,0,1,1,1
2018-12-18,18,2,9,12,15,0,0,1,1,1
2018-12-19,31,4,19,10,17,1,0,1,1,1
2018-12-20,38,13,4,20,7,1,0,1,1,1
2018-12-21,27,5,20,27,8,1,1,1,1,1
2018-12-22,16,13,5,13,6,1,1,1,1,1
2018-12-23,13,17,1,16,25,1,1,1,1,1
2018-12-24,0,6,27,10,19,0,1,1,1,1
2018-12-27,39,22,8,1,14,1,1,1,1,1
2018-12-28,20,7,25,3,13,1,1,1,1,1
2018-12-29,17,0,14,8,4,1,0,1,1,1
2018-12-30,24,13,17,20,19,1,1,1,1,0
2018-12-31,38,27,2,15,14,1,1,1,1,0
